amp_en,rms,zcr,Band Energy Ratio,Spectral Centroid,Bandwidth,f0,Mag_norm_f0,bp_50_150,bp_150_200,bp_200_300,bp_300_500,bp_novo,bp_1_harm,bp_2_harm,bp_3_harm,bp_4_harm,harm_energy,noise_energy,hnr,mdf,mnf,mav,wl,mean_v,std_v,var_v,ssc,mavs,Label
-104.15845181438632,13.082420179388482,0.218475073313783,0.5522287689481806,204.59404523021567,130.63450822840204,26.774196401907112,2.6209809382070293,0.2691787711079448,0.12390839982088035,0.05051557370401704,0.11636107811569538,0.23738410771924245,0.08248707405603473,0.039811831640485275,0.042195974280592206,0.03644659025773534,0.20094147023484754,0.7973479304677801,25.201228040650864,118.9964284529205,156.7240543467129,8.018389281405124,5728.42272116944,-3.4419613438932406e-06,13.082420179388025,171.149717750059,421.0,7.988227495775321,1.0
-67.76135617837168,12.099727127650901,0.2262952101661779,0.7246116796969311,200.4999166572408,133.63940418859025,25.286741046245606,2.3033704287200516,0.19530670631728086,0.10378244238670097,0.06646613261502024,0.1006872750353993,0.2947653646201729,0.1261913955034686,0.028449357010000512,0.03790661398853954,0.043649402005951785,0.23619676850796045,0.7610079209745743,31.03736005864012,154.69535698879665,179.14327428595402,7.6866144728092785,6193.291767032247,6.247619947330474e-05,12.09972712748959,146.4033965597075,434.0,7.672347017782222,1.0
-133.92137518247114,13.832351126440464,0.24682306940371457,0.5329884017899912,207.89289807194984,138.59380530720514,49.08602673682971,1.9003874419643736,0.1518989840333604,0.12342191090736221,0.08050655761248995,0.061638467395523255,0.344769267857229,0.12896194121457868,0.02561549242069359,0.02654309994654605,0.05500525968523599,0.2361257932670543,0.7622351878059648,30.97807567063578,160.64517841144266,191.49094867423244,8.074507087386417,6789.933498550228,-0.00014046185605971762,13.832351125727296,191.3339376654092,429.0,8.179333716449534,1.0
-156.86572290254557,15.022027597919422,0.2565982404692082,0.433814209028519,224.09641168934968,143.21790441585281,43.136205314183684,2.307975461825693,0.16363179417552715,0.14602314093401805,0.08073193588949376,0.06582505094539981,0.3199528272547606,0.10094652678756341,0.02674827145921647,0.017622523200111654,0.07603975122580085,0.2213570726726924,0.7761647491991994,28.51934114513578,153.20790163313515,185.99435652347313,8.407081460083479,7047.207445878898,0.00012672896117305738,15.02202759738487,225.66131313659264,435.0,8.36729977276898,1.0
-138.86292016240387,13.21804226927908,0.26344086021505375,0.3540783836099343,227.0845667656046,140.44151531067982,46.11111602550669,1.8360043824168129,0.19007900756013882,0.14023006336265326,0.07834745844972901,0.044875887434373575,0.327069883128662,0.0778883014068778,0.04425418166031707,0.008623923628209233,0.0845164488139699,0.21528285550937398,0.7806022999355566,27.579070100981134,142.7957141435046,183.95017483038893,7.310305506215039,6052.6322539965495,0.00012197633396476837,13.218042268716275,174.7166414175701,434.0,7.089474126525754,1.0
-73.80593532865272,9.600828122108291,0.25855327468230693,0.3405602741949029,223.38619815712764,138.29993268358254,47.5985713811682,1.6920960699861993,0.16603389827543796,0.19087549158144515,0.08474183950726293,0.0652076025305886,0.27708459370916855,0.08421702454207833,0.035928487014885026,0.017179305493538622,0.07328340135125526,0.21060821840175725,0.7839434256039033,26.865231791343692,139.82080343218158,180.26440992148318,5.905440139761476,4814.796788653386,2.10230337499423e-05,9.600828122085273,92.17590062982343,427.0,5.7737686659630825,1.0
-47.69975971025549,8.835028765492812,0.2517106549364614,0.3619672819426634,222.47548439729945,140.91621637704512,28.261651757568618,1.6791019984929632,0.22306595490592504,0.13017794265350296,0.06491992760962313,0.10085541056827375,0.2737339649646853,0.05978295143668921,0.03573366862577024,0.036734451625265355,0.06840796550502438,0.2006590371927492,0.7927532007020102,25.311665347400126,163.62008912276568,177.31549583114483,5.203217733817383,4179.530815622809,0.00017524108545950712,8.83502876375487,78.05773325637591,443.0,5.13706396022368,1.0
-38.38728217108118,6.997596050781457,0.24780058651026393,0.333102024224058,224.5020953963433,141.74136907806675,28.261651757568618,1.193464764373685,0.24764536002034052,0.09064949705733626,0.05137011489860724,0.08817335832027282,0.3376244350751455,0.06102452275500367,0.03821698524428563,0.0452351752819779,0.035492449539123554,0.17996913282039076,0.8154627653717024,22.06957085749181,179.98209803504224,180.342607942728,4.379051837083972,3617.101589041643,3.4811057023916014e-05,6.997596050694862,48.96635048870033,446.0,4.234964117717785,1.0
-43.24275312818567,6.69537508852439,0.23216031280547408,0.39100668123508026,222.116678801385,139.99025120625268,34.21147318021464,1.3622481080070927,0.23678344762859074,0.10193352663552524,0.07421312711838363,0.06159640213522154,0.3663369029478525,0.06812618899815955,0.023253326915738184,0.028757339174521813,0.03445211837789713,0.15458897346631667,0.8408634064655736,18.38455238716135,168.0824551897502,188.06380811651158,4.117473389206016,3535.55596081817,-0.00021205060992894598,6.695375085166439,44.8280475310675,456.0,4.208317455452521,1.0
-66.30669334222235,8.03116654521614,0.23313782991202345,0.4367132435366501,220.84548040942278,138.1031004653771,32.72401782455314,1.0892692165910633,0.1931649527386835,0.10804854687942261,0.11368663359741416,0.07277539959594716,0.3017382181956388,0.10788313307024734,0.029927705156226118,0.034975261071511554,0.032880101940147115,0.20566620123813215,0.7894137510071062,26.053029982754914,147.2580802104891,177.21993902928838,4.668708924715951,3857.598121744152,0.00025187543350509156,8.031166541266442,64.49963601355759,463.0,4.720301783271971,1.0
-37.71759643966732,7.666404967361966,0.23313782991202345,0.41515382496578923,227.0281986407892,141.31516729227582,74.37276778307532,1.1782594048737303,0.17507052469165085,0.17655538057681075,0.066154308215184,0.05922750067219163,0.3211947708270943,0.09623729742943801,0.03619522713798105,0.034100566468221176,0.02994236483684247,0.19647545587248272,0.7982024849829314,24.614738687068602,132.38352665387404,179.15433690802107,4.967253728481191,4080.828444881676,-5.28537568786451e-05,7.66640496717977,58.77376512079866,456.0,4.998783844226045,1.0
-45.76409518994398,8.14713473616843,0.2487781036168133,0.39740629803947847,219.60011915962167,140.30003984199757,20.824374979261087,1.2147391457132866,0.22068102470534806,0.11535209776430831,0.047819049540475486,0.0529359428651475,0.38241392003507574,0.07558530904298441,0.04549340058218388,0.02292663661390014,0.033919819979006595,0.177925166218075,0.8192020349103551,21.71932669055541,163.62008912276568,188.1936577689182,4.949540783602456,4200.664755525809,-8.222892016920835e-05,8.147134735753458,66.37580440252057,468.0,4.914003555296251,1.0
-46.394004344058125,7.040041977432218,0.26344086021505375,0.36844279413877806,225.68426608470438,144.48032847616344,34.21147318021464,1.048372445632778,0.16208107157894722,0.1035384014206805,0.07700879047572877,0.06199697947378409,0.37356795567842077,0.10506560663684308,0.04183122089800956,0.03210759179522379,0.039971751990985,0.21897617132106145,0.7781931986275614,28.139049751009292,175.51973196805773,193.34962468989758,4.373825629690807,3822.17611115598,0.00013744230582479755,7.0400419760905715,49.562191025117244,458.0,4.276237850831156,1.0
-44.03089524350649,6.747521642858069,0.2595307917888563,0.41092839661409725,227.6365551684134,142.9319777211213,246.91758903981003,0.922851688180191,0.18617828194282815,0.12547767342884752,0.07438923542759382,0.09270344967674354,0.2973137667973232,0.0740530211132457,0.03145277344705074,0.03272139007462638,0.0830474737698482,0.221274658404771,0.7760624072733362,28.512482544016716,174.03227661239623,183.9680134704239,3.9680593872375476,3424.4960504634173,-0.00011881930950840072,6.747521641811905,45.52904830672003,440.0,3.9737215591621475,1.0
-39.1411838993709,6.97490588701233,0.2653958944281525,0.33626555312765266,228.5601999479712,139.96123782945833,25.286741046245606,1.2776067357100136,0.14309787604305083,0.17276565392599189,0.07300910720933929,0.10125752737849049,0.26692316617714423,0.08212582573616742,0.04045570562773735,0.023684893772434785,0.09380240423249717,0.24006882936883672,0.7570533307340167,31.710953458953274,169.56991054541172,177.36575644083908,4.2607196688349225,3469.863457251177,-1.675727077156408e-05,6.974905886992196,48.64931213239839,434.0,4.320731175624571,1.0
39.47576863143053,7.379347021985224,0.25757575757575757,0.34438084064183144,219.82224305133536,137.22770004662868,25.286741046245606,1.2461804140258423,0.15484021328948763,0.1636855535282624,0.04794110408764809,0.10172904402987622,0.320634010016009,0.08452486147432017,0.024830708740950825,0.029605510528293882,0.06964400583056209,0.20860508657412696,0.7888299249512833,26.444874867893176,182.95700874636526,181.53477695751428,4.392089466510536,3648.778260292389,4.375893917654694e-05,7.379347021855478,54.45476246896732,430.0,4.375514519131915,1.0
-41.909152341401004,6.891985675357159,0.24975562072336266,0.28366278678729406,215.87548531433993,134.08370187785223,23.7992856905841,1.0662048210472785,0.14420393333853856,0.14043816753330457,0.04202813037382978,0.08483930606072614,0.3954472493827464,0.09594031290874751,0.014295351427359448,0.029133888776286386,0.049280967169697786,0.18865052028209114,0.8069567866891455,23.378020160889854,203.78138372562634,201.32278909139902,4.235682345783584,3740.1092062857797,-8.976919031385578e-05,6.891985674772529,47.49946654126976,436.0,4.220073339048472,1.0
-41.51261937652504,6.966606016298609,0.2702834799608993,0.3071962736743737,221.0451712043993,135.41489308962247,60.98566958212176,1.3096089632711085,0.11421914298118227,0.16243817999730922,0.052757035379354056,0.08853381946123451,0.30196344379701134,0.1413018902245763,0.030029481145956837,0.034353665773287155,0.07060999161360261,0.2762950287574229,0.7199116216160915,38.37902048820924,169.56991054541172,184.0735980861971,4.212056036071116,3567.1196068761255,-0.00010982398821892357,6.966606015432966,48.53359937426678,435.0,4.223177529725058,1.0
-32.850070054473946,6.871193711317898,0.27126099706744866,0.3079852183427469,234.0005930320849,140.85783450042396,59.49821422646025,1.313147107213526,0.12494788537661489,0.11547981285208807,0.05798202090457306,0.11705909551209896,0.3022368217900728,0.1402223641654225,0.05453617498804,0.027291901605025336,0.05713897678638347,0.2791894175448713,0.7177056364354477,38.90026821178425,179.98209803504224,182.5203284241336,4.315536081851814,3583.1313207826415,1.9485862397874976e-05,6.8711937112902675,47.213303018074924,440.0,4.340058741559735,1.0
-44.68065020599707,7.4584534027761045,0.26930596285434993,0.3285390469945946,220.96408361452762,137.87254675058517,58.01075887079874,0.9912110186092733,0.16345466068093242,0.1202694784918592,0.07024034279368427,0.07839337140752248,0.3451161284127895,0.09877505663749452,0.04139333021253068,0.016480438552360394,0.061673799917130526,0.21832262531951613,0.7774739817867878,28.081020128479032,181.46955339070377,188.91464239265963,4.667477515946901,4045.1057394436793,9.899753419847362e-05,7.458453402119101,55.62852715158199,432.0,4.739533895521339,1.0
-67.84075137367763,8.37627241114053,0.2732160312805474,0.35453264864433515,221.21387552977126,135.5792441576146,23.7992856905841,1.1919607900945979,0.18295433307916584,0.15000596792112067,0.05190557847029312,0.0856279324733615,0.3443949833615188,0.09206784839224029,0.027190257340111466,0.020859422267299012,0.038712772099103,0.17883030009875378,0.81488879530546,21.945362499615673,168.0824551897502,185.45326932112297,4.93572843765205,4226.36628654056,3.173493325535695e-05,8.376272411080418,70.16193950462696,434.0,4.938537480503715,1.0
-50.47037111012276,7.8524277115424495,0.272238514173998,0.33676835595477156,225.23041609794848,138.18544062946438,34.21147318021464,1.2753793674049834,0.21202161213154644,0.11689948117791898,0.0627614324951475,0.08639765165356748,0.32194434731207655,0.10356325101340792,0.02926180022909658,0.03169508496152484,0.030223483747996813,0.19474361995202616,0.8000245247702569,24.342206260202747,157.67026770011967,179.19327944067217,4.806397188645547,4088.0605367439966,-2.7864508245850628e-05,7.852427711493011,61.66062096422336,443.0,4.7715122717613205,1.0
-57.916421030208205,7.813340515538989,0.27126099706744866,0.35622429548312234,223.42999657573262,139.31006625284317,53.548392803814224,1.1368559604144213,0.11174796393824281,0.11077885212778954,0.09512668913912115,0.09290065579075335,0.3534661820361568,0.12101196386005905,0.04914271131010973,0.029068763113739175,0.03236982312394814,0.2315932614078561,0.7640203430320637,30.312446981249252,177.00718732371925,196.91442378798718,4.5569508960528005,4168.019747872612,1.8404406275233584e-05,7.813340515517315,61.04829001142439,449.0,4.5417464539886065,1.0
-40.20891166296504,7.827154438254353,0.2751710654936461,0.45611045656144467,221.03430613330116,140.19746418715866,159.15772305578116,1.0081022235277892,0.0983198713365133,0.11088414277167874,0.0932881637616034,0.10175851347008888,0.38801296469311863,0.058956159092018255,0.05521434099533717,0.039815964901473475,0.049311731816364036,0.20329819680519293,0.792263656033003,25.66042191344287,205.26883908128787,215.09164633002044,5.03046312864775,4810.846392638663,-0.00023900805589939858,7.827154434605209,61.26434654315999,454.0,5.191287877277935,1.0
-86.98873961224646,11.564630129337296,0.28005865102639294,0.3026336628048952,232.21635449767874,138.30150629253504,38.67383924719916,1.8081994175347529,0.17988154560186928,0.07968421515282874,0.05683232476408845,0.10158947019844738,0.3958198200950195,0.0668780714890383,0.03999095134087203,0.03507586438381575,0.03775894211553138,0.17970382932925744,0.8138073758122533,22.081862940806595,200.80647301430335,205.32739311655948,6.392945275435917,6018.726585619957,0.0001717694055405547,11.56463012806165,133.7406699988712,443.0,6.578478170478156,1.0
-85.97666557604711,12.096212894881527,0.26930596285434993,0.18520879640854895,239.1537214918347,137.2870259157789,40.161294602860664,1.8980256073426707,0.1543703521053897,0.11859542877602322,0.04589859972646868,0.08588676762257116,0.3909544681521917,0.08318727319976679,0.05266528711012419,0.018949157986713906,0.04416895275083414,0.19897067104743904,0.7957056163826445,25.005563232257817,200.80647301430335,200.03208014576364,7.31680956134856,6672.491448039518,0.0001388477101332969,12.096212894084632,146.3183663790193,440.0,7.379511049430736,1.0
-114.28339200276811,13.675192103016611,0.26930596285434993,0.3256301375715924,234.8183870667981,141.30286784103035,28.261651757568618,2.099511271613107,0.15795716651871397,0.18027676627245084,0.030153073773529573,0.0761878832167306,0.3094519783527949,0.09386389708650109,0.06110109531221746,0.025942024277683613,0.061505728160346836,0.242412744836749,0.7540268681342199,32.149085805955266,139.82080343218158,181.06385632922465,7.858718659840099,6534.116872097391,-0.0002019338267575388,13.675192101525699,187.01087901363087,432.0,7.937289845656737,1.0
-106.9262440474244,12.41543915589429,0.272238514173998,0.31100392881162764,233.85053953146007,141.40805912797933,26.774196401907112,2.127738898805239,0.24584236537944198,0.13984408294997616,0.03343153158286901,0.08424984135687624,0.25086585361197233,0.12587939747324015,0.0378319150131834,0.03391983025007116,0.045843320048292155,0.24347446278478685,0.7542336748811357,32.281038475620264,104.12187489630543,156.94490470129972,7.139982740263446,5502.691492887734,0.0003178574791557337,12.415439151825433,154.14312933267985,421.0,6.890219275735467,1.0
-48.60267707884645,9.328580237869783,0.2595307917888563,0.3318797468589001,223.00462525946506,141.10830677741185,56.523303515137236,1.7088017655482388,0.18057103949878547,0.1183275502672684,0.053687121274060785,0.09755445270868678,0.27677879381566695,0.13439388970397503,0.050665481837127525,0.04925796000225921,0.036833411372428376,0.2711507429157901,0.7269189575644683,37.30137178206272,145.77062485482762,171.73469074241936,5.9853655797237515,4813.48654025546,-0.0002372755530707371,9.328580234852197,87.02240919807508,424.0,5.965963662889726,1.0
-66.8206529994517,10.77129621649162,0.2624633431085044,0.5668267869461554,208.3314305581703,139.81786905036876,58.01075887079874,1.6308271241902372,0.11687311067620972,0.10663000811973782,0.10523348296370597,0.10069735778547094,0.28181474337999013,0.09401889814234099,0.08651918689080917,0.06305825722885824,0.04372743622707751,0.2873237784890859,0.7112487029251146,40.39708997809357,169.56991054541172,186.23596173612563,6.511301878256438,5625.542798376609,-0.00011988721209629793,10.771296215824432,116.02082216903372,421.0,6.661386296656671,1.0
-76.04165061256882,12.987470926398395,0.26050830889540566,0.4270006820784411,214.94052242894486,136.98656219962663,37.18638389153766,1.9224173299899758,0.19620820203728803,0.1076901658963518,0.09722150435582481,0.06210371999749852,0.3443181787329665,0.0607412758628794,0.04609251026530802,0.03760412251435119,0.04587623020698768,0.1903141388495263,0.8075417710199297,23.567095310614437,169.56991054541172,186.75623947248275,7.750363560466646,6677.035047001389,8.438122546065852e-05,12.987470926124274,168.6744010569233,437.0,7.919548641534756,1.0
-78.29590702652975,14.221253072230187,0.24682306940371457,0.26063326349579247,220.61278517901303,134.13714836952468,28.261651757568618,3.052416445251453,0.23162112099230034,0.1219807787072213,0.08385613051687475,0.04927836940212153,0.3633457637222408,0.05370555179720996,0.04420085801566015,0.024299630808423994,0.025087295172382014,0.14729333579367612,0.8500821633407587,17.326952869432194,154.69535698879665,184.6830564977051,8.530786009248327,7097.756357307427,-0.00025337192463677216,14.2212530699731,202.24403888021934,444.0,8.572123207848428,1.0
-77.65822473866606,13.063461550451082,0.250733137829912,0.3374807640150891,222.83196781634217,138.32204680173172,28.261651757568618,2.3175357006673765,0.2526404710549956,0.12029061479638412,0.05755531550648978,0.048773669137491045,0.3619360128895728,0.06352837574453994,0.045420733708539274,0.02498169113963828,0.021734899938964273,0.15566570053168177,0.8411960833849332,18.50528118308698,141.3082587878431,182.54284370319152,8.068068615126146,6536.800282623761,5.382988126827193e-05,13.063461550340172,170.65402767721605,451.0,7.927683118017555,1.0
-65.57688724438134,11.27178182466342,0.2380254154447703,0.3986213829042312,227.35857261108623,141.38914937879676,26.774196401907112,1.8181860456777665,0.21408775752634177,0.125071223683045,0.05898743292243461,0.0645296790905002,0.3354762634923351,0.0871702975894179,0.03854215274697091,0.041146653995389484,0.032024805802279205,0.1988839101340575,0.7981523567146567,24.918038324468707,148.74553556615064,181.83676085027014,7.216315768541124,5882.7886966317055,8.239585308190966e-05,11.271781824362272,127.05306549602366,441.0,7.161972282125902,1.0
-116.17627612307845,12.530721772833973,0.22825024437927663,0.459989176217166,227.43701084954557,144.5315949501075,44.62366066984519,2.6703276172451083,0.19466690075423335,0.11533870347810553,0.05032960085108237,0.06068130648412911,0.3415307017031148,0.12986884940737772,0.03629918596655943,0.0309318299295257,0.038123984857390776,0.23522385016085362,0.7625472132706651,30.847119505117483,147.2580802104891,179.62308131189758,7.263039638190342,5731.998789661545,0.00011075416259517801,12.530721772344522,157.01898813590904,428.0,7.307819359735539,1.0
-117.96154239361505,11.841496028065764,0.23216031280547408,0.4304140398752361,223.58387195348,141.6614096019919,44.62366066984519,2.1004623289858046,0.25377046048742813,0.10276989718165692,0.04583780269264802,0.048556016088278225,0.3279997084102187,0.12122414819052058,0.031009258104242893,0.019190066646944427,0.04837351469120746,0.21979698763291536,0.7789338848602301,28.2176692919288,124.94624987556652,171.0351854427508,6.763148317536668,5180.599408268687,8.1341295652744e-05,11.841496027786395,140.22102817608098,425.0,6.594635543523116,1.0
-76.79915980870605,9.60826254828304,0.23313782991202345,0.47680367001940477,220.90567691301965,138.5183847704727,49.08602673682971,1.5482330352403326,0.2127774716659216,0.0828828293611103,0.06423428923919729,0.0673229029086992,0.3114425684480089,0.11796367959860161,0.036078279468976286,0.03264586260645257,0.0732234392087249,0.2599112608827554,0.7386600616229373,35.18685717369678,159.15772305578116,178.47049284590122,5.914373781418818,4835.663404461518,8.68328322133731e-05,9.608262547890666,92.31870918919843,414.0,5.884570276038127,1.0
-75.65142221671776,9.857230792567895,0.2380254154447703,0.5895681280088848,216.14017166171067,138.8286306920739,41.648749958522174,2.022390566330157,0.2205617891530953,0.09241941194973625,0.06419546424493129,0.049066091676121124,0.34203160780332686,0.08220222206744655,0.030552562834192044,0.024286546081537165,0.09246213669878064,0.2295034676819564,0.7682743648272108,29.872592160910415,181.46955339070377,190.54831944044201,5.893586870446942,4949.612310181523,-2.0602050554579393e-05,9.857230792546366,97.16499889752427,417.0,5.901955094804286,1.0
-68.95673091220998,9.585573356808313,0.2565982404692082,0.4848238451156726,218.24846133633605,137.08850232289822,62.47312493778326,1.5876479010607798,0.20084089203002686,0.1499276600335494,0.0578427913893307,0.05283507312352452,0.26487938422708873,0.11867088916744381,0.028432162592488184,0.03308227690290851,0.09193309795946432,0.27211842662230484,0.7263258008035203,37.46506406916714,132.38352665387404,167.97585200953682,5.48927348569003,4357.193280545502,-0.00010688427332451039,9.585573356212409,91.88321656732921,424.0,5.372265401208132,1.0
-60.64798468555271,7.184386387896454,0.25855327468230693,0.4320241997319783,228.92239069344197,139.96267175281582,306.4158032662703,1.0524371377916146,0.19254611371891975,0.1260794923669747,0.05362761754171225,0.06102342820650962,0.28123764789372235,0.12493071081283244,0.04297071354473532,0.0257743429942104,0.08959600611618918,0.28327177346796734,0.7145142997278386,39.64536099214113,138.33334807652008,171.9013971224052,4.333250440089617,3565.867548048108,-3.231618600413322e-05,7.184386387823777,51.615407769547566,443.0,4.168035779373483,1.0
-44.20351049253532,6.233736443033365,0.2702834799608993,0.46589780670120295,209.29352036993225,135.36705608807233,23.7992856905841,0.9060985745294314,0.13406637394142612,0.08845073048251466,0.12856379716411712,0.06965081884913114,0.36207627385658275,0.06100373281260156,0.05459516805894582,0.032211620550467966,0.06357840321783677,0.2113889246398521,0.7828079942937718,27.003930233274055,193.36919623599582,208.3610125563958,3.80633713980668,3479.373025781686,-2.030741363160532e-05,6.233736443000292,38.85947004078993,441.0,3.847586227383214,1.0
-55.66022292906487,7.014629722841972,0.26637341153470184,0.46441820808380696,213.39293823521376,137.2240699496226,160.64517841144266,1.0074042244452182,0.13523736198022226,0.0848100237530382,0.13276823403796106,0.0853076460949919,0.3204752470699447,0.08267728230773902,0.056138502474332386,0.055384090407272595,0.044319036600679006,0.23851891179002302,0.7585985129361581,31.442048425130753,172.54482125673474,196.4148203227566,4.269779209020561,3745.0098307842027,-5.35192265592177e-05,7.014629722637807,49.20503014571375,441.0,4.341569916933289,1.0
-54.30309279547662,8.977482614688048,0.25562072336265884,0.2404609944851586,236.0222439970109,140.8212811589328,89.24732133969037,1.451016832966521,0.11731460401331298,0.23172337075116373,0.08482104411353325,0.11028814939422561,0.22231113485828222,0.09914911817143278,0.06729005657943994,0.03584750418974194,0.028753437522007385,0.23104011646262204,0.7664583031305179,30.143859818422175,120.48388380858201,166.65617031371593,5.320301533836259,4275.405204456186,6.95883097506303e-05,8.97748261441835,80.59519409218372,433.0,5.514620976040829,1.0
-88.99655315980097,11.12093491915021,0.2350928641251222,0.27331823432161406,229.22166689295653,138.27464090089913,90.73477669535188,1.9568595538831022,0.07644238026352322,0.3582464657820109,0.05954269104429005,0.13383093461813816,0.17964871557685844,0.05039281938572028,0.0777184465647328,0.022396964749759548,0.04048191928989412,0.19099014999010674,0.8077111872848208,23.645846807185798,111.55915167461296,160.5264245379863,5.913387826100153,4616.1275834310145,0.00018375596095031484,11.120934917632074,123.6751934422083,425.0,5.877999616319576,1.0
-66.85409530020814,8.929288375339622,0.21456500488758554,0.26412003549768415,212.01420608054502,136.2973298675571,40.161294602860664,1.4698643974561494,0.16893538190295168,0.2016269486661467,0.07609716136997745,0.0981932289245816,0.2671536935157181,0.07293556484506931,0.05418915021198809,0.02369926191679875,0.03587039086261409,0.18669436783647025,0.8120064143793755,22.9917355984106,135.35843736519706,170.7450042433238,5.399737845680892,4125.587661761505,-3.2680028843233566e-05,8.929288375279816,79.73219088890724,424.0,5.316484505946622,1.0
-80.40159739736205,8.733998752108837,0.21163245356793745,0.14501337806164438,207.95212706135698,131.17397862956116,20.824374979261087,1.8163620517494605,0.2290423485880874,0.13205937698922737,0.07076907905324632,0.08451973162792285,0.29352952973733765,0.07473258769467638,0.028609576359650113,0.04854186075517053,0.036193056664321537,0.18807708147381857,0.8099200659958217,23.221684382191444,159.15772305578116,171.2326548203776,5.065430159710996,3752.1151465242774,-0.00012210249604106133,8.733998751255331,76.2827341869297,435.0,5.057775154439043,1.0
-65.22765422387826,7.775446736979376,0.20576735092864126,0.3163469635256127,214.2876697397337,135.55274083458295,20.824374979261087,1.5903095736257964,0.26989016609038174,0.1325434285555862,0.05325175602503705,0.10415552633032057,0.2777835139242039,0.057226995346620506,0.03610204481006522,0.0394750647361049,0.02584153750178542,0.15864564239457604,0.8376243909255294,18.939950186872164,130.89607129821255,164.58642965768954,4.778118878065214,3479.7224442524184,-0.0002085887365631811,7.775446734181513,60.45757191609397,433.0,4.72150214063955,1.0
-50.73342273600141,7.484907273930699,0.22043010752688172,0.4322811324867722,216.48055618322303,134.9519730644186,29.749107113230124,1.3950036665652845,0.24897140398957648,0.10857430388618987,0.051047226374041785,0.11017816638699683,0.286765638188872,0.10469035390492064,0.033329902195968375,0.02999369943919366,0.02319253089540775,0.19120648643549043,0.805536738825677,23.73653208095718,138.33334807652008,163.74884571887176,4.625411014216817,3401.7501786416246,-5.6623864342353336e-05,7.48490727371652,56.02383689613447,432.0,4.649487844134796,1.0
-45.87319053341458,9.37987285420615,0.23118279569892472,0.48588652250356545,213.24786653882632,138.8404968965327,58.01075887079874,1.4293005358656592,0.1808063874582144,0.10347665787144776,0.07044752640481544,0.14866047746007663,0.2659754591528348,0.13715696159201787,0.03959615102974872,0.029096723009353988,0.022297230814751726,0.2281470664458723,0.7693665083473891,29.653885887967636,153.20790163313515,167.41390533805617,5.774857052663883,4376.64686296147,-1.6177697700764382e-05,9.379872854192204,87.98201476081181,437.0,6.05563682430126,1.0
-98.01285123727064,13.36495531760462,0.2517106549364614,0.5339428851413208,210.76091594661486,137.4074923454372,58.01075887079874,2.6074515288876086,0.11540341123809292,0.09563468303775091,0.06470776891054845,0.13610323670806063,0.2852029151487641,0.2143514924978437,0.04173313096293056,0.029104239473313417,0.01601017843635916,0.30119904137044684,0.697052015043217,43.21041111276904,154.69535698879665,173.22307341676367,7.267546715914521,5820.607521594025,0.00010740134635623538,13.364955317173086,178.62203063003315,434.0,7.353488614156689,1.0
-83.91211970832047,11.004564171276968,0.2536656891495601,0.4256577293659831,209.70550854194593,133.64913207420346,58.01075887079874,2.1160125641324323,0.13930417747942214,0.09977297186318224,0.07387450099210954,0.07563148121238275,0.32514693502350217,0.1631705338719728,0.042588619738368305,0.042270714606311356,0.03678252343899933,0.2848123916556518,0.7137300665705988,39.90477702918523,163.62008912276568,188.0562986093705,6.4487241231931804,5502.989250742145,0.00014430592290196748,11.004564170330806,121.10043257892855,427.0,6.161608836774867,1.0
-40.19192429094139,7.568797014208121,0.2429130009775171,0.4411087939169889,215.07589845294416,133.46112541816274,58.01075887079874,1.3258406820124558,0.13778904263204317,0.10925757361004508,0.0998585504858144,0.07492518918796713,0.3078255538736453,0.10665413614701935,0.03394124500539856,0.061852467024134404,0.06636908801264674,0.26881693618919905,0.729655909789515,36.841603361559386,174.03227661239623,191.5740410200551,4.830494867433879,4168.701251531666,9.621732933950272e-05,7.5687970135965426,57.286688233027945,424.0,4.737734646323357,1.0
-58.31303524031959,8.149592772293264,0.2341153470185728,0.4067523895266278,226.76770491252853,139.60331985339533,25.286741046245606,1.1902572746688833,0.18316647717815188,0.10483835670792922,0.09612126783532511,0.059035981953647565,0.28558033404187566,0.104823468588359,0.08257360000015251,0.0356800307927309,0.046203821169594234,0.26928092055083663,0.7287424177169295,36.95145417692233,139.82080343218158,173.54799268464728,4.9573248409304265,3869.512432168791,-0.00010858615516317824,8.149592771569855,66.41586234242362,412.0,5.068447364089069,1.0
-61.043563816259834,9.99039560189723,0.22531769305962854,0.3184148931173945,226.96607239619914,137.937848252844,49.08602673682971,1.8822603128992248,0.19863930493337278,0.12845867466856944,0.07725725790825075,0.05736811906490139,0.256618501827557,0.11719585711863195,0.08227901480927372,0.037557649104157556,0.043161317742315186,0.2801938387743784,0.7183418584026514,39.005639932642154,120.48388380858201,161.20247848627702,5.798296243067675,4360.794436391567,8.250892798187734e-05,9.990395601556518,99.80800427559981,420.0,5.8959249133516884,1.0
-77.7355461272814,9.942779166524494,0.22825024437927663,0.39874385309572585,215.6004942810592,137.34761584187356,50.57348209249121,1.6180517310675866,0.11999101315462442,0.15160225161510962,0.07575838521712579,0.05169284212684004,0.31850208992078693,0.12560557752607884,0.06301865947997834,0.04926644466350424,0.04227681063340488,0.28016749230296634,0.7175465820344868,39.045199199222225,147.2580802104891,181.71018273096044,6.0345886273582705,4748.002098652301,2.4785998990160818e-05,9.9427791664936,98.85885755365916,424.0,6.011654920671824,1.0
-54.83010414124422,9.059209492356342,0.22825024437927663,0.45926581827264995,209.65164492739305,135.60716958816033,47.5985713811682,1.7358818493190171,0.19943233295421015,0.10476225411595244,0.07045920660792898,0.06671483120950217,0.284497110379581,0.11595394430507447,0.05995820018037033,0.03817643060889906,0.05742187808275431,0.27151045317709815,0.7258657352671747,37.405051648675396,133.87098200953557,175.9182666623777,5.597525228745731,4420.022249314865,-5.5208201303093285e-05,9.05920949218812,82.06927662335134,428.0,5.508344852363088,1.0
-41.89165478425934,7.680519163966268,0.21749755620723363,0.3243171382978478,220.79257923068394,136.5717941329392,47.5985713811682,1.3864118487642605,0.22630418084122647,0.119681852206425,0.07660586069948125,0.06771785120721305,0.25679268054145893,0.09129712263212271,0.05506226077756896,0.03168800765133332,0.0720988363461338,0.2501462274071588,0.7471024254958047,33.48218649415008,132.38352665387404,171.9012165218202,4.826683293751866,3673.837424341569,8.909928523967436e-05,7.680519163449462,58.99037462011442,447.0,4.72516264135421,1.0
-42.1465258617567,7.058734985170661,0.20185728250244378,0.4489908819341334,219.67710151796337,139.85652041335197,40.161294602860664,1.1037675139954881,0.2361144740194982,0.15295469074033904,0.07840116873404995,0.045101161092210705,0.26634322332715493,0.09568151446223493,0.03379721175515772,0.04681917155902176,0.04035057421387534,0.21664847199028975,0.7789147179132527,27.814145375301486,118.9964284529205,163.63010018708212,4.4704366199085595,3220.679876532885,-0.0001578937428944431,7.058734983404735,49.82573956594184,437.0,4.487485841864785,1.0
-67.0197832472021,7.685869350310992,0.20576735092864126,0.4505211012504291,221.40148757125138,141.2260608070979,49.08602673682971,1.2160885254561316,0.2180954365884485,0.16394154855131127,0.07284501461664142,0.045854993782143104,0.2534980240393588,0.11792268387721876,0.02866812481650945,0.03932056426553257,0.05625299245725544,0.2421643654165162,0.7542350175779031,32.10728218292815,110.07169631895147,164.1989890763608,4.596970375353376,3295.1185557669355,6.618423102867227e-05,7.685869350026035,59.07258766566963,449.0,4.609709190144958,1.0
-43.099351074575395,7.218034045558944,0.22238514173998045,0.49030214207497297,212.84931769456983,142.8894158412748,47.5985713811682,1.0697531937524887,0.1817752674327827,0.15558350866882684,0.06308320480677755,0.055470399902506407,0.27119681300911713,0.1082757460421465,0.01944720941493619,0.07993753770070025,0.06118199845332157,0.2688424916111045,0.7271091938200106,36.974156549763606,153.20790163313515,174.94051757853947,4.411234236440066,3480.355541754192,-0.0001243541060942585,7.218034044487737,52.100015467384,446.0,4.361361038235844,1.0
-41.592479689216546,6.540555989503594,0.229227761485826,0.4854416697157183,216.13063675423592,143.33958166451214,22.311830334922593,1.0378639488437784,0.1734563248293468,0.13364801321690123,0.07032469829998987,0.060602637256829274,0.3488565221648859,0.09001925086959103,0.025114798590638265,0.05249461694516056,0.040334283787818656,0.20796295019320854,0.7868881957679531,26.428525845401147,175.51973196805773,186.52201538680868,4.162499259534803,3526.3197850953165,1.704692415833986e-05,6.540555989481379,42.77887265154074,447.0,4.156812144445709,1.0
-33.831080486776074,6.661150767413003,0.2380254154447703,0.370992034372541,219.53317664585973,142.2864018961682,22.311830334922593,1.2652085464631828,0.27159744238908823,0.10828280602266938,0.056938916763057366,0.06485413617249809,0.3308048402552638,0.057782798471382776,0.04514863165474613,0.029429462087634875,0.032080206250356284,0.16444109846412008,0.8324781416025768,19.75320314685528,139.82080343218158,176.31512965558971,4.238403158182667,3493.1860555223234,0.00016312799376870524,6.661150765415547,44.370929519596125,446.0,4.268294186448058,1.0
-43.628893088414074,7.050107941978426,0.22434017595307917,0.34633916617443916,223.5458590703697,139.2304203510389,22.311830334922593,1.1806716960776706,0.2161936528126483,0.08959964559325528,0.05196464885048774,0.07100439277240533,0.281679897084195,0.10666866934420438,0.07514613397528759,0.025155704423000694,0.07979302641872128,0.2867635341612139,0.7104422371129917,40.36408861698945,138.33334807652008,175.490842703084,4.213800925390765,3431.506217705087,2.1641354524610384e-05,7.050107941945205,49.704021993078854,442.0,4.181910178396487,1.0
-33.48131478994955,6.228846262374251,0.23118279569892472,0.48725185865846427,221.7788625634958,141.03806408237466,59.49821422646025,1.1971953857764828,0.15524918013247602,0.09818893627571053,0.07552736711061762,0.07315900077431207,0.31831101422097857,0.13209946734594835,0.05505162913499772,0.02231913661610621,0.06611905839257312,0.2755892914896254,0.7204354985140948,38.2531527191051,162.13263376710418,184.9225489120352,3.925864007231683,3257.7628528028918,9.791092476153784e-06,6.2288462623665515,38.798525760197755,449.0,3.8909633032653863,1.0
-40.032998269522196,6.379637228703139,0.25562072336265884,0.4646377115891295,220.81122376953175,140.2583622342408,59.49821422646025,0.9168005639603932,0.16039483558245837,0.09201473259199695,0.06409071344000601,0.08288299961798108,0.3848535695189264,0.1024049452428832,0.03737856071056997,0.04137826584681493,0.03087691285416418,0.2120386846544323,0.7842368507513688,27.0375823899387,193.36919623599582,198.16198391726644,3.923296449541909,3389.7461916271245,5.900772687791184e-05,6.379637228430249,40.69977116637319,444.0,3.9668107071069594,1.0
-31.348894246479794,6.796960135696861,0.26050830889540566,0.39735427267666784,225.38751410879968,139.145910294596,34.21147318021464,1.1200703666171867,0.1577913921716645,0.11670975618917517,0.05439682503718421,0.10780623453917715,0.3495939446713653,0.08124602913147329,0.05748943866206016,0.028332016532008147,0.04217783795858837,0.20924532228412998,0.7862981526085663,26.611447780932284,196.34410694731883,197.04744438986984,4.308040570144024,3844.963159509577,4.5589778215362337e-05,6.796960135543966,46.19866708417385,460.0,4.364387748609141,1.0
-51.97365266950184,7.674059167077146,0.2644183773216031,0.35497856264719435,231.48004314939288,140.45523589806012,215.6810265709184,1.1367349810440979,0.1593711575818864,0.12346085097421787,0.06853627764536929,0.11362502701472206,0.33115515871489104,0.0893295230551816,0.05760590416251296,0.016690113818717225,0.036978522952249564,0.20060406398866137,0.7961484719310867,25.1968158026903,174.03227661239623,191.02952717639803,4.529817671906528,3964.2395419030945,-8.400484459728658e-05,7.674059166617359,58.891184092743906,457.0,4.537526228853133,1.0
-32.89863767550197,6.913969470570409,0.2565982404692082,0.31266143135410873,232.47161507839715,140.37280186108103,31.23656246889163,1.0646910932339815,0.23961819161041173,0.11507975903922958,0.06171620181484688,0.10102510605275884,0.30061132470972296,0.0711287128979457,0.04260420202309709,0.03027856684863387,0.03404375795377012,0.17805523972344678,0.81805058322697,21.765798273849196,154.69535698879665,177.51027235577675,4.341513250680171,3564.0789989775685,-8.360671387932367e-05,6.9139694700649015,47.80297383298954,434.0,4.28964584488098,1.0
-38.70353629481509,6.541638596152737,0.23900293255131966,0.322087591595073,224.68723281912412,140.1247880918273,53.548392803814224,0.9336261682339406,0.17012796309617043,0.10553286673217067,0.10629731296112782,0.12319816192981581,0.2668985693822631,0.1247762743658593,0.039761483415477576,0.036415079218437355,0.023520554265898302,0.22447339126567253,0.7720548741015478,29.074797504077015,153.20790163313515,175.4768218488716,4.120344671757005,3320.2843615632496,-5.9148403516055825e-05,6.541638595885329,42.793035519176584,435.0,4.114591072036756,1.0
-48.48219397113257,6.91900872510603,0.2380254154447703,0.4348554210537874,221.95896417368618,142.27398401003938,52.060937448152714,1.261889068787222,0.10957421983308535,0.1331124654143283,0.11647551874271651,0.1182045331274978,0.27493069412393856,0.13048241499603272,0.042827993196172566,0.03829603839000332,0.03451984251413772,0.24612628909634632,0.7522974312415664,32.71661963404828,157.67026770011967,181.765260410613,4.160753524483759,3420.484164189803,-2.2567438472365434e-05,6.9190087250692285,47.87268173758411,429.0,4.180155941916261,1.0
-47.951018161552,6.992638922130524,0.23118279569892472,0.4032438751840412,218.8982788489796,140.6015977341748,52.060937448152714,1.2191469571312687,0.1713029886600755,0.14215154041868633,0.09220566410943236,0.06922361265020224,0.27250921688345003,0.08813780752148431,0.06793052809208036,0.03147328393624326,0.06272700606337615,0.2502686256131841,0.7473930227218464,33.48554482103996,142.7957141435046,175.36121637730645,4.183331220507827,3381.4593207980897,1.4781183208904813e-06,6.992638922130366,48.89699909529253,441.0,4.174600468659956,1.0
-44.71331765010102,7.034242216630419,0.22434017595307917,0.30444726794266286,218.50108315830033,135.87157489530577,50.57348209249121,1.3596309064649723,0.1567453945754281,0.1655308181487185,0.06972717494412001,0.055232285934886875,0.28102065333227494,0.1388462974483718,0.04221764164688778,0.03186052722565993,0.05643608316783977,0.2693605494887593,0.7282563269354285,36.98705243274495,129.40861594255105,171.25962524270685,4.118588208058394,3198.800705442927,1.9903384617558223e-05,7.034242216602262,49.48056356182951,452.0,4.10474468111601,1.0
-39.2192021859741,6.6446017985831105,0.21163245356793745,0.3499027141268728,215.5982067505416,136.54486999877778,50.57348209249121,1.6045652626646902,0.18565217611894763,0.16784013635555606,0.050717078777038696,0.06153677599693014,0.26952571182602464,0.17553182618714175,0.0341716719932253,0.02012955540165167,0.032319883371877606,0.2621529369538963,0.7352718790744972,35.653877757914174,102.63441954064393,160.00682033639958,4.031923315394373,3040.2609098427347,1.3298614665147035e-05,6.644601798569798,44.15073306155699,444.0,4.01879927407107,1.0
-68.26790314903877,6.722070728519705,0.21456500488758554,0.4143573118657283,214.715867084127,138.13311947836405,50.57348209249121,1.2638182901908313,0.1818831688847975,0.1626417878064404,0.051480066840917764,0.0762203955734143,0.23746341021068684,0.1872882825903818,0.051122548389989766,0.021470656818415094,0.02853465054220742,0.2884161383409941,0.7096888293162569,40.63980246363179,102.63441954064393,155.44825335928832,3.8057961475617157,2871.065476664682,-8.481695333814598e-05,6.722070727984615,45.18623487202761,439.0,3.774065072098094,1.0
-32.367364636578216,5.9895947350664525,0.20967741935483872,0.544713332836941,211.82093604088726,143.29675084335952,34.21147318021464,1.1183841842616127,0.22009120435890855,0.14529356554337328,0.0637026920803905,0.0550436900536624,0.29229855840455427,0.1026996443822586,0.03855211654872936,0.019613432983508594,0.060527680737109506,0.22139287465160606,0.776429710440889,28.514219854570587,127.92116058688953,171.5074427432832,3.7038168333018664,2824.669983245632,-2.3180115995193734e-05,5.9895947350215994,35.87524508979846,431.0,3.709786325405411,1.0
-60.55823450515175,6.397445411881789,0.20381231671554254,0.5339009740913682,210.81963270219745,141.6297634618713,32.72401782455314,1.0341809326856954,0.22235118484487248,0.12342501866452957,0.10635043757493143,0.05099626979375806,0.24248900201579937,0.12175787685680879,0.0636940951548122,0.029347557951695025,0.03738635508512084,0.25218588504843686,0.745611912893891,33.822673791424194,120.48388380858201,156.42988349269717,3.6500996924472258,2611.9639452403576,-1.9430904166149038e-05,6.39744541185228,40.92730779762978,431.0,3.6273536353616294,1.0
-50.64745085891292,5.927119817402935,0.218475073313783,0.44770239473578666,217.80786378302372,139.9740066278853,32.72401782455314,1.0811754257880772,0.2207935055748719,0.13711150589864332,0.11040723995969293,0.0596273616297924,0.21941393991722044,0.1328910172495021,0.05780306767517967,0.031112433503765295,0.028230177479200917,0.250036695907648,0.747353552980221,33.45627981699456,113.04660703027447,149.26927357700316,3.441456725072127,2438.662656564477,4.7226252554988246e-05,5.927119817214793,35.13074932762032,432.0,3.4162858514675776,1.0
-38.90163295606896,5.704581081954361,0.2262952101661779,0.5155260699532406,207.50477586499002,137.72230354469238,32.72401782455314,1.102491067446811,0.23373415896972718,0.1191488345871265,0.0779516396624052,0.07430628456421799,0.32863054672478886,0.07341444105056234,0.02621309433773141,0.024432921806799856,0.03947516087446423,0.16353561806955785,0.8337714645082658,19.613961982473253,150.23299092181213,177.45698704168217,3.4199098539413924,2698.711298370441,5.054559947739387e-05,5.704581081730429,32.54224531803671,440.0,3.4423156937240007,1.0
-47.310795881807636,5.872801081274089,0.23998044965786902,0.5333950592143839,203.3646061156434,137.34734570091464,32.72401782455314,1.0186900836448327,0.23455672385163787,0.09129573951220094,0.10409282299457828,0.07585381508860674,0.3122479537336852,0.07253834011902448,0.02789878374098289,0.025312624933965164,0.0541605292538885,0.17991027804786103,0.818047055180709,21.992656401397152,165.1075444784272,178.73129815371047,3.439785422204644,2836.3245952661737,4.905308427990106e-05,5.872801081069227,34.48979253780788,440.0,3.4291030049778124,1.0
-49.96908162478852,5.7114148362277,0.250733137829912,0.40485600320321063,219.60320238730267,136.4489878439926,44.62366066984519,0.9010769593939474,0.1835897589494234,0.16804036459928326,0.06798271402875801,0.07269352914025665,0.30309046575850584,0.06328905218121869,0.05201571368139222,0.018593950480963566,0.06887452496283188,0.20277324130640634,0.7953968324762272,25.49334282296276,153.20790163313515,182.1378801837686,3.3594474152818914,2757.397211336218,8.046954366257644e-05,5.711414835660826,32.62025942500658,429.0,3.355229132961002,1.0
-35.538037679929175,5.613461128985524,0.25855327468230693,0.4172192120009207,219.9054570930308,136.68906070244475,44.62366066984519,0.9530427788882313,0.17661060510142848,0.16229763918768286,0.04151952677072628,0.05115046026172075,0.321081390314411,0.09941621777050902,0.046667294889836924,0.035219938925474994,0.063797360613887,0.24510081219970795,0.7526596216359694,32.56462883801777,144.2831694991661,179.54769220985892,3.3900389015049672,2762.921308155297,-4.9831187981326866e-05,5.613461128764345,31.510945844148274,431.0,3.4053124802789556,1.0
-31.752392518614837,5.762378939732787,0.2761485826001955,0.32595290053458637,221.77774659973926,137.66587398018083,32.72401782455314,0.9722474278269176,0.19306927848875374,0.10326749835641234,0.05788909083417148,0.0684150549528624,0.3195271310276302,0.07585603675610111,0.04376344373737215,0.06300814731604515,0.07169732566148952,0.2543249534710079,0.7421680536598302,34.26783896403524,175.51973196805773,184.9460092327901,3.663151128860462,3081.9686220435156,4.8831666317276576e-05,5.762378939525884,33.205011042691446,438.0,3.724816290354674,1.0
-38.169151964783616,7.12790444013418,0.2781036168132942,0.37168951513156745,220.7139329782392,138.90420410648136,34.21147318021464,1.1831693563083623,0.18954377945473733,0.1070276282812802,0.05895191636639439,0.07245245845891582,0.3636094498809863,0.037134200288167996,0.053131398975822766,0.07154594242059319,0.040400426765812146,0.2022119684503961,0.791585232442314,25.545192123689176,179.98209803504224,199.82111145624103,4.430875678610458,4061.9099221146857,-0.00016174708729838928,7.127904438298989,50.80702168152242,434.0,4.585618465493296,1.0
-71.99797871028944,10.24511490523615,0.28690127077223854,0.36714527533732305,224.29978064493403,138.3388586798751,28.261651757568618,1.898027913495641,0.13536813441480158,0.19469991681449098,0.05321952313222334,0.07215847393609333,0.381872475366579,0.06364864535866392,0.031209053940645423,0.0320083955635303,0.032744622491017436,0.15961071735385707,0.8373185236641882,19.062126639118677,181.46955339070377,199.9079263862438,6.0789366043194075,5674.84166731021,-8.278451199528886e-05,10.24511490490168,104.96237941463855,464.0,6.35561205020766,1.0
-114.32883591067124,13.290689087021091,0.3035190615835777,0.29255723536191963,233.67788097546983,140.07955477517555,32.72401782455314,2.0296943505270093,0.13769186555067536,0.16357594173676904,0.054572441722314256,0.06617594001478669,0.4052637342895485,0.07506644544266733,0.04281730691722078,0.017764050784446928,0.03570280213058709,0.17135060527492213,0.8272799233140937,20.71253035952841,193.36919623599582,203.1531151058011,7.640852182228561,7050.08233074324,-6.224599118133389e-05,13.290689086875341,176.64241640398728,469.0,7.74568714777284,1.0
-100.40111723381278,12.407560136692966,0.28396871945259045,0.24105002752897448,231.9498319519202,139.66143050150686,34.21147318021464,2.2537150916918014,0.15973267488444112,0.11704790144142674,0.06956169684907043,0.0567411716565835,0.4454164519638884,0.05501105159022164,0.04464768785045914,0.026002290789317744,0.02259599590739861,0.14825702613739714,0.8484998967954102,17.472839619327623,215.6810265709184,210.56489948008516,7.389370078262879,6930.2732516620035,-0.00017214944316748526,12.407560135498702,153.94754851601658,463.0,7.25803172900557,1.0
-72.567187804214,11.496062167049983,0.27908113391984357,0.26298115282528295,233.2243407293756,140.27833948486813,28.261651757568618,2.0122801790514293,0.2198460682021291,0.1456111264444794,0.07016801100636094,0.04618686120828011,0.41992510744316053,0.02125570742152816,0.031561047613236866,0.0212163189263062,0.01588449268066012,0.08991756664173134,0.90173717430441,9.971593631037006,177.00718732371925,204.94326462184074,6.971052690204717,6518.918493570118,-4.244233643071332e-05,11.496062166971644,132.15944534687677,463.0,7.003370618979073,1.0
-99.37525324085817,11.607829826188738,0.26050830889540566,0.2703336282422614,240.15708430848082,140.13127604865036,28.261651757568618,1.844409849214308,0.20890006591689084,0.1414980236542648,0.06281305677265456,0.0539859845709871,0.4176524062765827,0.041922659590805385,0.04045117542734921,0.014437043579806883,0.013485552178191567,0.11029643077615305,0.8848495371913799,12.464992763190304,174.03227661239623,202.91405537232694,6.938733824133098,6270.899435015528,2.1455096178575606e-05,11.60782982616891,134.74171327329654,447.0,6.885226600371549,1.0
-66.23548002986327,10.58155784418203,0.24486803519061584,0.31725606412077734,241.30912212052834,146.48965169495256,74.37276778307532,1.5503621591510202,0.19333705840506393,0.1476114945831987,0.05970468963170192,0.08155566200518516,0.330216873663582,0.0920637019829116,0.036763585766366076,0.03109232103400465,0.02533191766118534,0.18525152644446766,0.8124257782887317,22.802270852907654,151.72044627747363,179.86926755602397,6.312660600504432,5307.225865249982,0.00010122120878838792,10.581557843697905,111.96936639952466,455.0,6.220406280018997,1.0
-58.710904331827784,8.903651175437243,0.24389051808406648,0.33185799364471097,238.41571487135684,146.99608645246025,34.21147318021464,1.4195245734712232,0.197945753162524,0.10642610618780682,0.06814230616355268,0.09105732799718279,0.3192907324623376,0.1081406337897465,0.03208838177157975,0.03829881592407673,0.03384127574407952,0.2123691072294825,0.7828622259734039,27.127264566271975,165.1075444784272,182.88108630758708,5.473677923290267,4610.691057083716,2.6942200756423923e-05,8.903651175396483,79.27500425313917,450.0,5.345739835432814,1.0
-54.19398550567581,8.10001348620008,0.24780058651026393,0.3924425232780594,220.3835018142616,140.20193077581405,56.523303515137236,1.1611574258280533,0.14698223533466054,0.15102712431705445,0.047722547934503194,0.05997769026245098,0.3718277596444863,0.12037749479774162,0.04306910349607569,0.02003801532334631,0.03405995219193729,0.21754456580910092,0.7775373574931554,27.978664139071434,166.5949998340887,190.7139467965035,4.940964204533476,4354.42478421046,0.0002851210223348208,8.100013481181938,65.61021839532914,452.0,4.934618799993185,1.0
-56.28120557650881,8.214708371426832,0.2565982404692082,0.43537537674510235,224.11818875125888,141.0991272502755,49.08602673682971,1.3489107653164443,0.18062789283921063,0.1562287382060052,0.05315177334788688,0.0585434815915631,0.3580408202466508,0.11079927302786478,0.036975345538579736,0.024435255517459627,0.018526212535816575,0.19073608661972072,0.8065927062313165,23.64713753868046,138.33334807652008,180.00909093518547,4.926600211686272,4203.568821815714,1.2768550246761157e-05,8.214708371416915,67.48143362742715,447.0,4.921716037482371,1.0
-54.45219451528669,7.688513723283923,0.2429130009775171,0.3594276301936214,230.37381785589616,143.58690761835445,62.47312493778326,1.2967025900354583,0.15709533578136398,0.15463662000558787,0.08686332040719247,0.07750377386146874,0.3093508114280547,0.13394447267069762,0.026336516510348074,0.021157630716347887,0.02971343847302794,0.2111520583704215,0.7854498614836678,26.88294552262051,145.77062485482762,176.91910809155152,4.880391753808784,3911.8773298348883,1.423334940125337e-05,7.688513723270744,59.11324327292256,436.0,4.882721432593849,1.0
-67.20921289888014,8.321078555619653,0.23998044965786902,0.4038404668527118,220.53007429383084,140.4508325190186,62.47312493778326,1.4970036005841432,0.1625112894864336,0.14836282486701116,0.10378820246039379,0.10842599633554975,0.22811450176702944,0.16355488073936597,0.02442081038412253,0.024660308030418642,0.033851594267529,0.2464875934214361,0.7512028149164177,32.81238948079998,132.38352665387404,159.10888878453537,5.036532413032208,3771.124427222425,0.00011519769721170248,8.321078554822249,69.24034831552271,442.0,5.074481314410889,1.0
-44.97750199229537,8.657259991065407,0.25268817204301075,0.4050289552214632,221.7060069348371,139.76980919781337,62.47312493778326,1.6607721650903766,0.15436760567005106,0.14898489482343677,0.0655488568614189,0.07709880988953906,0.31015386497661945,0.14102645422910268,0.0407629659464582,0.021117470548273298,0.03741038066877636,0.24031727139261053,0.7561540322210651,31.7815234928265,145.77062485482762,175.051173481212,5.3877006452395015,4291.2359561555,-0.00014921851726475057,8.657259989779426,74.94815053063567,439.0,5.433557996497829,1.0
-39.396251047506645,9.173716392510407,0.25855327468230693,0.48089764153420983,209.78440652551424,136.3966371206723,62.47312493778326,1.7396320748905958,0.10832323437867168,0.10974024304695734,0.05969124536763908,0.07481347330526363,0.3889094332917854,0.15236504868615214,0.05026164866142781,0.011026807219050076,0.04185358118319713,0.25550708574982717,0.7414776293903171,34.45917659843282,196.34410694731883,196.37387403100777,5.925276141707673,5166.949831897893,0.00010941983010346115,9.17371639185785,84.15707243824141,430.0,6.041361305688017,1.0
-51.01040476207002,10.986802324509888,0.2595307917888563,0.40839220182837815,216.95300109500565,138.03945588684465,74.37276778307532,1.431652743427673,0.1144245672740485,0.1329109753863869,0.10451365970642484,0.09423994747691748,0.35151930033256273,0.053394149568987304,0.07251140001097732,0.01851079833984408,0.05352210411537666,0.1979384520351854,0.7976084501763405,24.816493856249355,191.8817408803343,199.4727771961342,7.044882373187573,6099.502571761295,-0.0004053042077009489,10.986802317034028,120.70982515358429,430.0,7.229419814636886,1.0
-106.41021026792492,14.555772548612293,0.26832844574780057,0.3436625991341141,228.93760613972486,138.7902784725328,74.37276778307532,2.2837738883369347,0.14962208551763803,0.15286016774536199,0.07400722247020393,0.07923038348376021,0.29995609555908853,0.07258128211432054,0.09408729239490757,0.027637578353366925,0.047375644086827186,0.2416817969494222,0.7556759547760528,31.98220023035213,135.35843736519706,181.9333801992049,8.877443590906687,7211.809468995287,-0.0002711283660681296,14.555772546087157,211.8705144134246,429.0,9.171064288536938,1.0
-130.56002491838944,19.26978993705239,0.26050830889540566,0.20158217105741355,231.82970195566338,138.0991326341078,44.62366066984519,2.9910121732264616,0.16959627544187159,0.11838722917061983,0.04307259049357898,0.055040279562102314,0.3669427816731119,0.0974481141724395,0.04662588244723503,0.03329107627308218,0.06780393339611736,0.24516900628887406,0.7530391563412846,32.55727198565961,184.44446410202676,193.95241347860727,11.214427858456515,9672.738213645083,7.599169729138877e-05,19.269789936902562,371.3248042123512,430.0,11.501223607774381,1.0
-127.60385044035964,19.23225961852036,0.25855327468230693,0.2795471796272607,221.3853414626072,138.72855559991044,43.136205314183684,3.267314392909289,0.13357254292473386,0.10052243052756644,0.05437941239072571,0.04400038625166486,0.3868639733615945,0.10524541955314112,0.037245900293974,0.042792592480643134,0.0911272276411885,0.27641113996894673,0.7193387454562854,38.425726643325945,220.14339263790293,206.99420289275685,11.258598081999036,10271.101657079289,6.921539406522237e-05,19.232259618395815,369.8798100293783,433.0,11.00708027750726,1.0
-113.67663677384196,14.522444565391924,0.27126099706744866,0.36279320313476604,225.99863883062403,138.4950752010719,52.060937448152714,2.3983807740006533,0.14754875637348883,0.12894484300993297,0.053300402265524335,0.052811172753776954,0.28903588242511324,0.16614602401483375,0.04360629101883004,0.04586240216178926,0.0684994306038824,0.32411414779933545,0.6716410568278364,48.25704809197422,139.82080343218158,177.71112930083453,8.722634204864953,7422.68617774296,0.0002837300132889206,14.522444562620258,210.90139607437868,445.0,8.341691458911278,1.0
-70.88376202113814,10.443989367528875,0.25562072336265884,0.30513593390013377,234.385896384354,140.43778163691047,50.57348209249121,1.6549286196610988,0.14960916375437716,0.14814752008645962,0.06378478733552513,0.06668722547521684,0.2939997687789611,0.16321021797728466,0.052290241141102235,0.024733577099187592,0.03361217467455811,0.27384621089213257,0.7222284654305398,37.91683989200098,126.43370523122803,172.91523856140412,6.288277230141964,5227.001228206422,0.00021355299726849792,10.443989365345567,109.0769138634513,435.0,6.031203125719813,1.0
-70.44422173148124,8.5059918484192,0.23607038123167157,0.4276676513084137,222.3398350925375,142.69139554053402,86.27241062836737,1.1408778142102265,0.11415089995127571,0.13281764127686882,0.08140043402720079,0.06460544191301278,0.407566378771007,0.11791576717166694,0.026221275052112147,0.024782870122369648,0.027081576846242718,0.19600148919239144,0.8005407959393651,24.4836353358052,190.3942855246728,198.08194308561772,5.054913524504158,4311.4978094685575,-5.7161702581711576e-05,8.505991848227128,72.35189732210634,434.0,5.010881220095511,1.0
-47.07835254936073,8.025298571240358,0.24193548387096775,0.45191216035202375,220.15150904992282,143.3700860276819,26.774196401907112,1.3723884657464007,0.16433874981091892,0.14939068078442902,0.08573195343544253,0.06027414981067145,0.33446502928628247,0.08266180504577224,0.04928731994143461,0.030082409327950192,0.04113203620607625,0.2031635705212333,0.7942005631277445,25.580889759240744,154.69535698879665,180.1908107496921,4.689148830300118,3665.365374206534,-9.681476382309914e-05,8.025298570656377,64.40541714817928,432.0,4.6218723994999245,1.0
-36.48590652315366,6.688009859620374,0.2350928641251222,0.2920486836639923,227.66250961596188,137.04918976879338,26.774196401907112,1.257472609991158,0.20410428462129496,0.12976667826436333,0.08379167829001524,0.07976329736947715,0.31255386528819895,0.0483037970508921,0.04685529752917935,0.03258487801719717,0.05983465576928076,0.18757862836654937,0.8099798038333497,23.158432775554907,163.62008912276568,180.23758856157102,4.116907350912308,3274.2429636009565,3.996298712907742e-06,6.68800985961918,44.729475882363374,431.0,4.0637583794617855,1.0
38.90161124411831,7.263657361556842,0.24389051808406648,0.3047973652921858,217.38807207135716,134.84069934408603,22.311830334922593,1.225062753512055,0.16448623217955108,0.11540151929195626,0.07730842553662022,0.12788364867484373,0.2954769699962106,0.07351588190699539,0.0309463782556659,0.028510617041906865,0.08372649795696516,0.21669937516153331,0.7805567956791819,27.762153421866014,196.34410694731883,192.63608556356394,4.456105968342773,3691.3214416495625,9.348037872221673e-05,7.263657360955316,52.76071825736034,431.0,4.602055862039963,1.0
-64.5963633110075,8.648221665801179,0.2536656891495601,0.33235447054801187,218.8246403047437,134.365578429647,20.824374979261087,1.6064283845577736,0.18763910892120697,0.14817590686492024,0.06324514248808341,0.0872796387122532,0.2784356893946384,0.09146724130144705,0.04373833919686302,0.028021577278240378,0.0696282747441339,0.23285543252068436,0.7647754863811023,30.447554434863722,151.72044627747363,174.3940690850273,4.957774380844258,4026.9574992144276,5.6073283279041083e-05,8.648221665619396,74.79173797768871,434.0,4.932060192500899,1.0
-43.29241281236341,7.371368462232807,0.23607038123167157,0.29903805524990185,227.38682686896811,138.81502168135424,20.824374979261087,1.2705723203016484,0.17422033051868102,0.12294377130054174,0.06624396850001883,0.06724924086778793,0.33935734240317555,0.09334797483871787,0.05980817064987406,0.029054292688787415,0.04509823514551756,0.22730867332289692,0.770014653590205,29.52004513976086,157.67026770011967,184.93126325286534,4.651691293727168,3886.945805504599,0.00015026009493458725,7.371368460701337,54.337072983422395,448.0,4.620554462768968,1.0
-51.580804761863796,8.352902096582815,0.22043010752688172,0.372944330712043,217.66848114379047,137.50839491072367,44.62366066984519,1.6607567982877836,0.22949514882145639,0.09001163295462078,0.056646692505735556,0.06167637218988596,0.3596494736329898,0.06857580825837187,0.06883319855634647,0.014676948815677129,0.04855268147438027,0.20063863710477575,0.7974793201046886,25.159102191914577,157.67026770011967,184.68641677401524,5.048148139274864,4094.544378135887,5.144542921774187e-05,8.352902096424394,69.77097343245103,436.0,5.184148759774354,1.0
-58.27534711400539,9.520426641892756,0.21163245356793745,0.3651436768792047,223.8450666465523,139.62892034432048,25.286741046245606,2.181412748297255,0.2870609098423787,0.08933244760582153,0.047143099826937256,0.0731676679720472,0.3117601386008933,0.06794978102974276,0.05723962884849722,0.010416695299795978,0.05439126259945228,0.18999736777748824,0.808464263848078,23.501022404245248,123.45879451990501,169.9584714399017,5.830800609534689,4352.309332778728,-4.669521482936201e-05,9.52042664177824,90.63852344148088,442.0,5.890687357715457,1.0
-47.43425724219326,9.28602763462405,0.20674486803519063,0.4011747887106391,227.30106548510847,138.3682395486053,25.286741046245606,1.8697720923667203,0.2798053766188637,0.13775648542004276,0.05684648893118759,0.07128331694936084,0.2652529418918961,0.07249415013682688,0.03128889996244756,0.019546498695699507,0.06295746501716351,0.18628701381213747,0.810944609811351,22.971607623761564,114.53406238593598,161.54353337556282,5.761268803811156,4350.5395353475005,-0.00013045329731013744,9.28602763370772,86.23030921398339,448.0,5.693698948117111,1.0
-55.88612926260337,8.75014287756305,0.20967741935483872,0.4896690829697153,220.31665989418076,137.90590921855718,25.286741046245606,1.4775829705195327,0.18549623444605587,0.13075779024867476,0.07686320840114898,0.07682848017595967,0.29320189023060134,0.07655752476843697,0.049577749333386496,0.04655546033753515,0.0611129847989203,0.23380371923827892,0.7631476035024406,30.636762556147477,162.13263376710418,181.1628130255673,5.4059462620730185,4343.591739656095,-0.00019556245906694747,8.750142875377666,76.56500033952253,441.0,5.401577650052969,1.0
-65.46093224519723,9.642931570337526,0.23607038123167157,0.516200577040487,212.54396214840898,139.12668194324797,66.93549100476778,1.4649136247145536,0.175295751942018,0.1476973639207178,0.06802610245047074,0.0781565687502048,0.297827046383999,0.10191314339559829,0.03966350229367351,0.0598844965109857,0.029659678660624075,0.2311208208608816,0.7670028334474104,30.132981363546303,147.2580802104891,174.9480647609002,5.656108110961102,4569.9093388940355,-0.00018024989002315972,9.642931568652871,92.98612923772211,437.0,5.715521820774605,1.0
-47.064287868878125,9.698085856498528,0.229227761485826,0.33718078541736385,220.93427103205482,138.4526662385562,47.5985713811682,1.6312303373518509,0.18028271162820406,0.151799523169254,0.049123665875945,0.08661988819297754,0.29486523755398114,0.1134418476872345,0.03959424742270743,0.037842928169337244,0.0445721383916209,0.23545116167090008,0.7626910264203617,30.871106845935415,144.2831694991661,176.09573351249952,6.084889125865262,4834.605008835004,-8.694544552322395e-05,9.698085856108783,94.05286927245723,445.0,6.143939228051231,1.0
-65.23214416020599,10.688315922779147,0.23704789833822093,0.3814175672003323,217.0836101513078,136.37290774700966,41.648749958522174,1.7694070902082009,0.22010502720850794,0.18685757816856596,0.06693796868777137,0.061128219106741884,0.2619724141771705,0.09759994050653009,0.039420087530592465,0.025514038720421486,0.0387539174117763,0.20128798416932034,0.7970012073487576,25.255668663119945,107.09678560762845,161.49309286562263,6.148930497292895,4677.553564157819,0.00023986244650792132,10.688315920087714,114.24009720760046,440.0,6.11589604644836,1.0
-53.6783151824239,8.551248985854667,0.23998044965786902,0.4158013294276254,219.9767179490343,137.5745624266333,41.648749958522174,1.4647925169935703,0.1932968836616619,0.13397755622122268,0.07820707108680834,0.0829891913554087,0.25944505364019,0.10459632153940056,0.04286908673939208,0.05613005878222086,0.045900249666975465,0.24949571672798898,0.7479157559652916,33.358799401898644,138.33334807652008,169.65494097827414,5.243970530137884,4052.202874146943,3.858857419503786e-05,8.551248985767607,73.12385921659154,434.0,5.049215858497348,1.0
-40.22885317435418,7.083956873038253,0.229227761485826,0.4485801091003201,212.37111812853732,140.64515288602476,28.261651757568618,1.1999949061668764,0.15146046687210254,0.11955316158266698,0.07820044699817733,0.08891061691041473,0.3407747161211123,0.10183945099701247,0.02378970003805949,0.044018241379611314,0.04877039238174157,0.21841778479642487,0.7788994084844738,28.04184756297684,181.46955339070377,192.02621401814534,4.57647033459155,3889.1430440517643,-2.4583944525119472e-05,7.083956872995598,50.182444978461575,444.0,4.616342909621833,1.0
-45.99235228852267,8.53392146565662,0.250733137829912,0.4031954884188203,216.86198497371697,139.48294715480367,28.261651757568618,1.3828966110022263,0.17746900907150062,0.07444097072979473,0.09396224726159619,0.0771758026144018,0.3592854939499228,0.09379131171301393,0.03655495401660009,0.04402410136956322,0.04017087499274245,0.21454124209191971,0.7823335236272162,27.423245407782744,178.49464267938075,195.64557986428088,5.288904237189787,4587.020210779056,9.681398044886214e-06,8.533921465651128,72.8278155819011,445.0,5.430622303585341,1.0
-57.45657842956618,10.032485158254282,0.24486803519061584,0.32496407663426236,228.2938768476286,137.9599567419366,47.5985713811682,1.5547681810346599,0.19725859955396033,0.06743210139690466,0.0941125518351101,0.0974967176657916,0.34164598312209465,0.06359815366016452,0.05546902281577169,0.0558275527206683,0.021609749445598504,0.19650447864220302,0.7979459535738613,24.62628925704145,177.00718732371925,194.35529158512378,6.004465214808576,5268.437027995372,-0.0002379763363173082,10.032485155431816,100.65075839395975,437.0,6.055334403070613,1.0
-77.1715128686737,10.299481026629842,0.2458455522971652,0.3511861747537931,230.5138511600744,138.47896457486192,47.5985713811682,2.036340023116398,0.18212444714597315,0.08815926486890054,0.11044047861640288,0.12062329750012375,0.28194232306160766,0.05304609033675699,0.07163000666593092,0.03749238510939986,0.05101989328496812,0.21318837539705587,0.783289811193008,27.21704946883991,165.1075444784272,187.1902429606673,5.961202584490822,5185.131530629966,2.5584457694204088e-05,10.29948102659806,106.07930941725346,446.0,5.898063436087339,1.0
-66.56381260649299,8.885877645892691,0.23900293255131966,0.352197387521,231.000950969918,140.0145341238755,49.08602673682971,1.5486968566570058,0.18341066170636336,0.10859662569298699,0.11356016385277053,0.09301330601010703,0.27857042144747124,0.050189582352514084,0.06036786190998272,0.037742862515979816,0.07303343233786133,0.22133373911633794,0.7771511787096992,28.480139409108613,163.62008912276568,182.77431976721564,5.166241750489626,4355.722029264183,0.00021653685390938399,8.88587764325434,78.95882149088729,446.0,5.0389496669915355,1.0
-56.22081388341207,7.439424620870777,0.23313782991202345,0.30554856456013413,225.58537837078325,137.27752706912005,65.44803564910627,1.1074431190395473,0.1908574177553447,0.08936720265949756,0.06058487351075971,0.08926461896018074,0.32454166355459724,0.13384691083738326,0.04179140901120101,0.02977083168561533,0.03807534893556529,0.2434845004697649,0.7546157764403799,32.26602306381535,151.72044627747363,179.38125246689202,4.6154114451040495,3777.262813479072,6.429449873335269e-07,7.43942462087075,55.34503868961791,442.0,4.613376293754049,1.0
-49.75107526203349,7.4945097130275,0.22727272727272727,0.30225973003700185,219.49250402540204,134.0878526101337,66.93549100476778,1.2124646809395723,0.1571619320971419,0.09078332752651244,0.06558475423378776,0.10199185238850852,0.3219125059223492,0.14945510425329428,0.04649094954220008,0.025022712543151648,0.03762296849812203,0.258591734836768,0.7374343721682999,35.06640652999026,163.62008912276568,182.60710996683608,4.6391012178415325,3807.9248416666787,-9.085407726281552e-05,7.4945097124768,56.167675830409095,437.0,4.638571041688403,1.0
-48.573499057621994,7.560354966095801,0.20674486803519063,0.4607625883372752,217.82645585488243,137.6790680725538,47.5985713811682,1.4094023567302172,0.19324123231178642,0.1377873663738763,0.05752166299552036,0.08205430427881016,0.28845093140902134,0.09762072007555285,0.04445836747756748,0.05336409745207879,0.0427358839875654,0.2381790689927645,0.7590554973690146,31.378347145631707,144.2831694991661,173.66887553658827,4.880946826246983,3693.9017736923724,8.979726900763124e-05,7.560354965562524,57.15896720530591,416.0,4.9669861161770115,1.0
-59.59726262516446,9.593155775749114,0.21163245356793745,0.43205836489385513,223.07513143563682,138.8419552607475,22.311830334922593,2.053027095194856,0.2879821438511839,0.12515452866743113,0.05331605036487419,0.05682991258662533,0.20487170751088296,0.17580481793833763,0.020081179803191494,0.0382908314649367,0.03598896490677375,0.2701657941132396,0.7281543429809976,37.1028198509171,80.32258920572133,138.4874159161526,5.554518862276284,3639.556367780256,-4.112977213600877e-05,9.593155775660948,92.02863773609701,423.0,5.631164365701784,1.0
-43.326998493171345,8.820333184076992,0.19110459433040078,0.40663115276160117,216.448533751759,136.24775371929636,22.311830334922593,1.5374529415329488,0.25653089915016897,0.10921500349951613,0.056968122156665996,0.05651228051697167,0.22289449143665555,0.18490371303151373,0.0326816166549896,0.025015871645840522,0.05354954809671045,0.2961507494290543,0.7021207967599783,42.17945840591194,84.78495527270586,146.24391770877781,5.359520318856795,3593.427485731686,-5.388138787046359e-05,8.82033318391241,77.79827747522643,399.0,5.239723486246143,1.0
-55.9025965570765,8.42074305379065,0.19696969696969696,0.8597798605305121,199.95041784912195,140.13952589470637,65.44803564910627,1.7673794784325156,0.235199555716899,0.1310610772139028,0.062459156129028456,0.06922629679353466,0.22189732121282704,0.13057948667681116,0.05534821970277609,0.03748207549675578,0.055164655063113306,0.2785744369394563,0.719843407066192,38.699310739599994,111.55915167461296,153.149448062908,5.070642859884804,3593.911983639867,0.0001738126006017443,8.420743051996817,70.90891354775268,409.0,5.148204850778251,1.0
-85.83894011735595,9.795855328761855,0.229227761485826,0.78945836185543,206.1585595822001,141.619804629737,46.11111602550669,1.8560911425887543,0.2446333929820178,0.13889140726591023,0.06227897301739372,0.05912490140860468,0.22955950935686642,0.12927527840250422,0.04036112682125609,0.03192806679286146,0.06251199429757727,0.264076466314199,0.7344881840307929,35.953807298112814,98.17205347365942,151.59272550574474,5.390701865746245,3925.2903418240726,-0.00023427838610286245,9.795855325960348,95.9587815671457,411.0,5.374295690149701,1.0
-64.35950906959417,8.303503282588638,0.21065493646138808,0.574068150340161,202.60295035528077,135.83486895717257,59.49821422646025,1.3200851873501955,0.19872678956444356,0.132687668961382,0.06538619698131201,0.05922181244869573,0.2756913907735802,0.13389587904178338,0.03291336292682333,0.02764267495939647,0.07224058779702493,0.2666925047250281,0.7317138587294135,36.44764979410976,130.89607129821255,166.41283667666193,5.0143020793241835,3912.634058346557,8.387155039832686e-05,8.30350328216506,68.94816675692593,406.0,4.952775452194534,1.0
-61.45882486475328,8.344683743981513,0.23020527859237536,0.5865996887645819,204.187784544349,135.3695709293223,59.49821422646025,1.5249564841667584,0.1864197987954065,0.12197325566906413,0.057935566806999544,0.11024800502879699,0.2724258017428046,0.16174789827799024,0.03390954692322325,0.02238918160148055,0.031711868228192545,0.24975849503088657,0.7490024280430718,33.34548536552816,126.43370523122803,162.1484133276083,4.861822816121075,3647.573376901679,4.1256083860900794e-05,8.34468374387953,69.63374678536731,430.0,4.891465762190496,1.0
-46.27170883021997,7.7996223804176115,0.2350928641251222,0.4917942565193234,209.98348660091358,137.66989590862647,58.01075887079874,1.2821503797818723,0.22096809144748672,0.12535668917394097,0.049487390182534216,0.09772968684846654,0.29480689957445505,0.11279677445438319,0.046881007415210625,0.022671171677375798,0.027980175941356614,0.21032912948832622,0.7883487572268835,26.67970584845199,127.92116058688953,164.54687097782832,4.81588936259937,3599.0029212000554,-8.354482719588607e-07,7.799622380417571,60.834109277110656,421.0,4.779846166780203,1.0
-52.18103671720503,8.797243386184263,0.2350928641251222,0.5320725840804897,208.00750463224074,136.05101668859777,52.060937448152714,1.8046477908995717,0.17731824464379783,0.10873496782109555,0.05894871514431058,0.059825164044383004,0.30537245145185055,0.13742495162845403,0.05454882077874139,0.018288940864286174,0.07659560499844463,0.28685831826992625,0.7101995431054375,40.391228219494195,147.2580802104891,173.97579245668726,5.372946178448494,4156.215346668295,9.535867049870195e-05,8.797243385667434,77.39149118666941,427.0,5.553799660627777,1.0
-70.33344080879792,9.799467463340866,0.26050830889540566,0.49196602377644916,207.75437578203753,136.00860428736635,52.060937448152714,2.1497355629160353,0.18559077846563726,0.10235853051450906,0.06597699698437229,0.062151575513503844,0.2814516575295016,0.14854586824713795,0.07476999391542985,0.013340787868592488,0.06240943185967786,0.29906608189083816,0.697529539007524,42.87504186789479,124.94624987556652,167.09696802811027,5.92349628988861,4696.870718800227,4.1077487451954275e-05,9.79946746325477,96.02956256338888,429.0,5.8829019446714295,1.0
-42.788188184552915,8.417133819418023,0.2565982404692082,0.4452136726877817,221.1059656211546,138.0147210255171,52.060937448152714,1.4347128204764465,0.1598555336060992,0.11118000783527396,0.08529171249529675,0.09822446221894371,0.327777718791902,0.06963743822760293,0.07263361399780399,0.043131418114583535,0.028627739476370696,0.21403020981636117,0.7823294349475156,27.358066852034824,172.54482125673474,189.16137164846455,5.566254518899546,4555.9703847745395,0.00016922606274305703,8.41713381771689,70.84814170535329,430.0,5.530919003325815,1.0
-62.81473317150841,9.197650499747132,0.2380254154447703,0.4915675176490494,219.3846135303522,141.0461710367787,38.67383924719916,1.6166787591432814,0.22813755335319266,0.12920601427082595,0.05038417565992201,0.07285826139778784,0.2731835015892711,0.05677619781134175,0.05969316526652873,0.06845822053783658,0.05952609936809301,0.24445368298380005,0.7537695062709997,32.430826791179356,145.77062485482762,171.8959840333855,5.563341397632007,4358.614618484946,-0.000294627893228587,9.197650495028231,84.59677462869305,434.0,5.599315792848767,1.0
-59.725236255219016,10.22614845111146,0.21652003910068426,0.29371440344789956,227.46547267131666,139.24318953738188,22.311830334922593,2.3137835238842115,0.29056408433519915,0.13271501918703096,0.03788859359430918,0.07317709443381759,0.20247569637849816,0.11868789060982853,0.03913185798424523,0.042298384199213064,0.06033675702103755,0.2604548898143244,0.736820487928855,35.34848637910291,87.75986598402886,144.67613822689148,6.194923237597353,4180.212757962319,0.00012014187903714585,10.226148450405715,104.5741121297352,420.0,6.300403846200762,1.0
-71.04551188391098,10.705442047659714,0.21652003910068426,0.39043333631597793,215.836561306311,138.29695993120473,20.824374979261087,2.5247896977731275,0.3603308987065941,0.12946895638053835,0.030321359170103042,0.08116581590029948,0.1594733172184073,0.14864324173214913,0.024949954777768707,0.033590935484402625,0.02940101931157745,0.2365851513058979,0.7607603473759423,31.09851244503342,69.91040171609079,122.23895390928008,6.06672846670874,3774.8340520375687,3.33453242897519e-05,10.705442047607784,114.60648943468875,430.0,5.925659785943751,1.0
-44.3859283732118,7.5393163815639594,0.19696969696969696,0.6417945680585402,203.46441760063672,138.98788475059897,50.57348209249121,1.4855392090819752,0.2180917866206676,0.11920437201065098,0.061627527656860644,0.06303381449103343,0.2456915064378828,0.18594919859916942,0.029486834313686816,0.03964533848187414,0.03371647349758806,0.2887978448923184,0.7076490072170953,40.810888158755205,102.63441954064393,152.45325445610172,4.825104106605124,3306.3710523231803,9.807394495936483e-06,7.5393163815575805,56.841291501222486,429.0,4.670730861348138,1.0
-80.09849930502666,8.011077632225845,0.21945259042033236,0.9367631977260424,189.38675740471592,139.438289350927,53.548392803814224,1.5868872215652343,0.19771600325571323,0.10579173736128254,0.05436166392406761,0.07068785812866396,0.29303772573324105,0.18060377713945083,0.033942057620234084,0.019045869814118793,0.04328075963220731,0.276872464206011,0.7215949884029684,38.36951041170623,117.50897309725899,162.28152370967206,4.3876511465329155,3102.017005177928,0.000305231065675593,8.011077626411026,64.17736473638331,417.0,4.399862546386518,1.0
-80.09849930502666,7.231833161413365,0.23118279569892472,0.6195278124768678,208.29187483166547,139.47991769368556,55.035848159475734,1.4876069206489388,0.20643430947287197,0.10744005130690554,0.04407139346545988,0.07592219123802925,0.31011392003298766,0.15095850791763132,0.043286666258712345,0.01618966786316256,0.04377610281308554,0.25421094485259177,0.7439818655162542,34.16897059390706,124.94624987556652,166.1131400721548,3.992420596762349,2888.1045763972197,-0.00017343159801313374,7.23183315933377,52.299410844439464,428.0,3.8818289436395785,1.0
-29.259926090138997,5.584670709444192,0.2126099706744868,0.6072085314451956,210.97742167509483,136.51335482994241,43.136205314183684,0.8826578527670988,0.169140902504775,0.1121283732689788,0.08840996236130465,0.07874356740521253,0.24477244987556984,0.12110043386717487,0.08798568116188683,0.021923285615619056,0.07323456349044906,0.30424396413512983,0.6931952554158409,43.89008172772014,132.38352665387404,168.77115153571785,3.470574893958637,2654.4397000890067,-0.00012860698550204788,5.584670707963375,31.188546916384148,416.0,3.4645826384981433,1.0
-43.487615122515976,6.668406464407922,0.21749755620723363,0.5544277963803719,214.31732032811522,137.19050935670717,47.5985713811682,1.225327369489591,0.23313965271243933,0.15543916255937096,0.08845140450917041,0.07979655463591676,0.21157680584162722,0.08953944890911963,0.049137476269782404,0.018219852798863793,0.0732137359642476,0.23011051394201343,0.7684035802585246,29.946569726327237,117.50897309725899,153.9504380377693,3.8641115871161276,2726.613948602305,-0.00013923709404790874,6.668406462954285,44.467644755170475,421.0,3.9547884250144616,1.0
-70.47698008804817,7.383908780196902,0.2262952101661779,0.4026314440597148,211.51674229453275,136.35408764652843,46.11111602550669,1.343798400604857,0.32493410293799263,0.10547396342444305,0.06369039639703254,0.06748741974250187,0.2154317674824819,0.08867774144929683,0.0416604362643084,0.02059172499432551,0.07079256825756082,0.22172247096549158,0.777017649984452,28.53506235921962,101.14696418498242,144.75188754647505,4.09073798769885,2753.9379309383785,-4.883974970261787e-05,7.383908780035382,54.5221088718836,424.0,4.064525104154377,1.0
-36.52342583071097,6.039847620679045,0.22531769305962854,0.45286710641184896,204.4194828793545,134.3507010036322,26.774196401907112,1.000075808805982,0.22440197028116496,0.13035360095395546,0.05615902360026194,0.07713125713434911,0.27591839262022394,0.10423770039591863,0.049764413158886175,0.024311386007508772,0.05606395974114847,0.23437745930346204,0.7639642445899554,30.679113710217333,121.97133916424352,168.13837476627128,3.6154707368896055,2698.794307289764,9.807430570944742e-05,6.039847619882784,36.479759271403736,439.0,3.5350741919173867,1.0
-38.21755213107928,5.435995697191239,0.24095796676441839,0.6876580584893573,199.67235106503998,135.64628352034555,53.548392803814224,0.7831433567899105,0.17067690680576864,0.13378583629960109,0.049290115136596764,0.07866733474494908,0.30201170033217983,0.11741179973426484,0.05002448479006644,0.04816806937450107,0.046741049025865025,0.2623454029246974,0.7344318933190954,35.7208619765586,156.18281234445814,180.1082749960756,3.2915740720534195,2667.458529359857,8.990990000206506e-05,5.435995696447694,29.550049211797855,429.0,3.2906044707727657,1.0
-30.109915652964,5.902732383394172,0.24389051808406648,0.47721878883023683,213.99351256087323,140.02555309822162,52.060937448152714,1.127713955224192,0.14763040891491735,0.1107539192211829,0.08864552623676156,0.10732265026597212,0.27706630346487304,0.13431321107621305,0.05379480166579394,0.04361808938138946,0.03175268766366964,0.26347878978706607,0.731418808103707,36.022971636429055,156.18281234445814,174.79748267006568,3.6330414929971724,2878.62942417,-3.903210343881788e-05,5.902732383265115,34.84224958844667,438.0,3.721935492089671,1.0
-40.15560272932614,7.158144133938314,0.23900293255131966,0.3959574959301376,220.9597405091186,140.4516264745513,56.523303515137236,1.1470402982856476,0.16071294882813333,0.1359315872798392,0.10459800996536815,0.09772916296660147,0.2443927107449705,0.14144593178673992,0.03506598173853284,0.03884047226129649,0.03814738522373955,0.2534997710103088,0.7433644197849126,34.10168206373345,141.3082587878431,165.4531682083314,4.405684503924949,3359.851461780378,-1.665072560785852e-05,7.158144133918944,51.2390274419582,437.0,4.523829297421276,1.0
-55.96470368087431,10.353896323298223,0.24486803519061584,0.3652193213595743,218.11341601108535,137.75026620077554,38.67383924719916,1.8152647525246164,0.19055593549119987,0.08390390288598333,0.057693554223380294,0.07591914042261035,0.36373166468213236,0.10985031912852555,0.032407106174481615,0.03249209552085928,0.0508337675997836,0.22558328842365005,0.7718041977053062,29.228046322377093,185.93191945768828,191.22815078329643,6.4002997254743885,5339.308351872515,-2.8791518938427185e-05,10.353896323258192,107.2031690727795,442.0,6.828677114612967,1.0
-118.5116600370976,18.307169217524923,0.24095796676441839,0.4255843667245561,212.3340850986274,136.68916873244018,46.11111602550669,2.964719257064699,0.13896569623737115,0.111224234736554,0.07974240935726519,0.06390960935756937,0.40552643903569574,0.08997388535887982,0.023114408264562195,0.036537706108100594,0.04857912208364349,0.1982051218151861,0.7993683887244555,24.79521639968928,194.8566515916573,204.15590276816437,9.673284429314243,8674.499417736075,-0.00018724583294507657,18.307169216567342,335.15244472403094,449.0,10.052174696351537,1.0
-167.9723032666864,17.827820468654362,0.2536656891495601,0.41912304634352976,226.56247529720162,139.5632009648771,38.67383924719916,2.7418619404212126,0.16355383305040574,0.14802470365003376,0.10529855712077767,0.07779421167115765,0.3353236785044689,0.0899673185176911,0.024919026592929015,0.025041926866567782,0.02750838657417741,0.1674366585513653,0.8299949839968437,20.17321330604575,154.69535698879665,185.02928846502036,9.922777394561331,8422.244408998155,8.409033056422377e-05,17.827820468456036,317.8311826555,448.0,9.605358973265432,1.0
-103.38642465759182,11.941982056385392,0.24193548387096775,0.2879026041338757,233.17186420346056,137.9382360947677,38.67383924719916,1.9961969054993374,0.21662096645121964,0.13345498514841533,0.08747908408175666,0.07859999449698095,0.2697112826183135,0.12242394462658229,0.03375342171700847,0.027054072228283595,0.028784426203696385,0.21201586477557074,0.7858663127966861,26.978617268984816,126.43370523122803,163.78737008561012,7.214392113282754,5626.954642917397,3.760472783030655e-05,11.941982056326184,142.61093543361656,443.0,6.894958561138395,1.0
-51.75818183701529,8.759012222688082,0.23118279569892472,0.3189056067761583,224.62601388077783,139.982683206562,52.060937448152714,1.5005317282312196,0.19652518483984302,0.09455439662421634,0.07798153888829765,0.07373839594800444,0.2962510713312116,0.1568058981899418,0.03418877944084895,0.042776322113216116,0.024025043092366187,0.25779604283637303,0.7390505876315732,34.882056404579856,142.7957141435046,168.94096996158854,5.545703839698795,4262.579384054345,3.839013441455513e-05,8.759012222603948,76.72029511572535,429.0,5.42800405163692,1.0
-43.431285587930816,8.245038694851281,0.24486803519061584,0.5048922234168443,212.76364157366325,141.34982861916976,40.161294602860664,1.474222565832965,0.24816932135329384,0.0957745818796361,0.06855778395876305,0.10007957708666468,0.26301795516807774,0.09127838915149969,0.04804649724350523,0.0502522226992569,0.0329644196687442,0.22254152876300604,0.7755992194464354,28.692851047678026,142.7957141435046,163.47189745263972,5.167694306964512,3910.2507528640285,0.00010709520428174579,8.24503869415574,67.9806630681254,432.0,5.18225096475588,1.0
-60.51620141304036,8.692373903336994,0.23998044965786902,0.521546630394837,216.82458684488063,140.07792286197923,40.161294602860664,1.5329700358849858,0.19728496055863617,0.09049126529313717,0.07607516127940375,0.1412580975181969,0.2958750824822057,0.0842852228956428,0.038862635857337825,0.02947047771755388,0.04470696439802703,0.19732530086856154,0.8009845671315796,24.635343671471773,177.00718732371925,179.62775647627754,5.392740921559769,4286.257539383619,-0.00011949460853104277,8.692373902515646,75.55736406113508,419.0,5.447216299167236,1.0
57.89228095503448,9.249786094599315,0.24486803519061584,0.4767783364316289,210.24972330926335,135.6296794368598,55.035848159475734,1.2378142175003473,0.13410210988645155,0.13333634554577148,0.08499508537673112,0.12741177310231733,0.2762186868655354,0.0981883952259015,0.04578103288796006,0.026568162244971428,0.07168476579663091,0.24222235615546392,0.7560640007768069,32.037282016638244,171.0573659010732,183.50884146049907,5.758271476399972,4676.020453435227,0.00010872706867555426,9.2497860939603,85.55854278402134,417.0,5.794034367717321,1.0
-62.827099725535334,9.199341159667313,0.23900293255131966,0.38384868348794293,218.57138294131178,135.00812744721728,55.035848159475734,1.310387447733569,0.12039224186500232,0.18646365336528956,0.06712247561036419,0.10219953874945525,0.2703874541165323,0.10367423838325217,0.07407340330554062,0.02030358361843628,0.05290537923787211,0.25095660454510116,0.7465653637066436,33.61482018115379,139.82080343218158,178.01256762002248,5.487668702023662,4409.913550066019,0.00025167001867741623,9.199341156224795,84.62787770861135,413.0,5.400449190114475,1.0
-57.93612447769473,8.543358380492434,0.2233626588465298,0.29204536316193597,218.1075912087408,133.53978991805045,26.774196401907112,1.4603157171797592,0.26877341964131246,0.11176851016778223,0.05725302165299103,0.06507749428182377,0.28427037104919534,0.07497269405099875,0.06628971053499928,0.034106845944926974,0.034872850033641274,0.21024210056456627,0.7871428167931047,26.709524126872637,121.97133916424352,164.34512034872182,5.299678363245581,3938.68258189637,7.020999057426314e-05,8.543358380203943,72.98897241260093,411.0,5.342072539522414,1.0
-65.6162624501117,9.405201905559144,0.21065493646138808,0.2797013885371467,217.73871696031938,137.53014237413674,28.261651757568618,2.076487133480583,0.36884190690988905,0.07453252077398527,0.0671045275592214,0.04843399537810071,0.25274352255077875,0.04656181665185361,0.06224951302511924,0.049320393110826026,0.028471732516570245,0.18660345530436911,0.8116564731719751,22.99044749497136,113.04660703027447,148.84529953415594,5.319095096023957,3607.3919122685384,0.00015095781324847568,9.405201904347676,88.45782286154514,410.0,5.279579251175363,1.0
-41.60465225759216,7.43127677853416,0.21358748778103617,0.5131963627389514,213.1847086965144,139.60748446120223,28.261651757568618,1.4053066168524104,0.2439314801922985,0.12046796242924916,0.06924564702320696,0.06731551686295795,0.2743227174064089,0.07322108345194087,0.07839029498550185,0.04673712208868538,0.023657235963687667,0.22200573648981575,0.7752833239141215,28.635432962585057,117.50897309725899,162.80450180314114,4.711093201024536,3293.706863603881,-0.00011888575178053279,7.431276777583193,55.223874545047245,415.0,4.603853163706429,1.0
-41.95068762608122,6.74408245841849,0.21065493646138808,0.701646407540709,208.3466469905731,138.43980265712037,89.24732133969037,1.1728098913669316,0.1275705648555105,0.19583743287124186,0.06342131605978378,0.08015294096762712,0.30273165234593846,0.14283049733389275,0.03902835914805676,0.018000918239072215,0.025810474697262987,0.2256702494182847,0.7697139071001017,29.31871794654257,123.45879451990501,175.05212832843316,4.106747259762956,3178.8091158411394,-0.00042259004411255435,6.7440824451785595,45.48264802736561,414.0,4.055108413714844,1.0
-41.21613544961735,6.403221767318618,0.21358748778103617,0.4483413390331568,211.70584684625243,138.3848978693518,65.44803564910627,1.0019207803432346,0.11560894827357104,0.12083880542978485,0.09984138214337282,0.1051362909584606,0.305850726117244,0.12152031953261747,0.04031524105033995,0.05261140058075224,0.03583874865399126,0.25028570981770093,0.7472761529224333,33.493067969391696,175.51973196805773,184.75273324777646,3.9665867445654825,3176.301710513325,-7.545885348612252e-05,6.403221766873996,41.00124899576893,411.0,3.9919321685521867,1.0
-46.48899824211587,7.4249178857297276,0.2155425219941349,0.3620384697450042,218.56951670317744,141.98183024477726,28.261651757568618,1.1452900750150312,0.1705837000744481,0.08404507557670025,0.07574386556917423,0.08269807021385267,0.3035129147961002,0.1285310755464338,0.06938441121506222,0.042716899085609855,0.04179574959830666,0.28242813544541256,0.7165836262302754,39.41314385465175,156.18281234445814,174.2842931011014,4.4352809974696505,3356.7780971290326,-2.6978574680591727e-05,7.424917885680716,55.1294056091014,413.0,4.531868685550061,1.0
-55.10286123931511,8.370001188561353,0.20967741935483872,0.30462504231952314,220.01831118751136,135.11283272681774,41.648749958522174,1.2829498745663808,0.22121317941585145,0.12192465348787727,0.054641533999594004,0.05676398538127109,0.28197902016224624,0.13321459535454994,0.0415498129238373,0.040106040429657555,0.0478359755250257,0.2627064242330705,0.73652237244684,35.668492100241686,120.48388380858201,160.76162877043072,5.0915346581212315,3644.1075629871793,0.00010172850238314435,8.370001187943148,70.0569198861697,405.0,5.16889371689688,1.0
-67.66830630963106,9.508239714569726,0.21163245356793745,0.4148754860106382,214.48430232258988,133.30372171724326,75.86022313873681,1.5660602181725571,0.1744696375817752,0.1950875951597099,0.0576574201393606,0.07911220005958852,0.2789772867092131,0.10481297862527682,0.02806225091426686,0.028015674074340642,0.052637244407966084,0.21352814802185038,0.7853041396496474,27.190503301923396,127.92116058688953,164.3645195839489,5.587930475059174,4061.635914881723,4.8175886177611454e-05,9.50823971444768,90.4066224674001,411.0,5.657562869905001,1.0
-96.47131122734926,10.275384015519345,0.21945259042033236,0.5322368436077696,203.3781575867293,133.19355397538013,25.286741046245606,1.7602914848026576,0.21507197176864454,0.1422154075085395,0.052107874047705546,0.09921766613845225,0.2817764891415975,0.11212439035832955,0.030473948074962974,0.0170256880513619,0.04818072354573529,0.20780475003038973,0.7903894086049393,26.29143910175977,130.89607129821255,163.03215120754817,5.6736199476470635,4071.0929307164756,0.00011725450128822557,10.275384014850339,105.58351665264188,408.0,5.620808834847679,1.0
-81.09973032946802,8.200688892752527,0.2350928641251222,0.3811909772475933,206.0855483963504,130.1705310348213,25.286741046245606,1.4101953606132172,0.3103852937250275,0.07977991813996056,0.050902669702209156,0.10320584142010512,0.2509209955627959,0.11283344369317305,0.02390382716342596,0.022790114063266066,0.04289818197631301,0.20242556689617808,0.7951947185500982,25.456100521519055,108.58424096328996,151.84389879190488,4.729718322625682,3374.3296771966666,-1.099560231157537e-06,8.200688892752446,67.25129831571334,421.0,4.55274303955607,1.0
-33.39392654299618,6.189516088774274,0.23118279569892472,0.4738082527315646,205.40268705381496,132.8724161740559,37.18638389153766,1.2029400244810888,0.22213502102637991,0.10260873603636744,0.07750014181758098,0.11409732049520203,0.29178400454189973,0.058542011707284944,0.04886631949898739,0.0540189049391832,0.028554572742528084,0.18998180888798363,0.8081252239174301,23.50895668950928,165.1075444784272,177.5688212341726,3.9327827506191992,3022.3043604137983,-4.0461074954790954e-05,6.189516088642031,38.31010941155854,420.0,3.92392435589801,1.0
-37.64046487719395,6.834940214946186,0.23118279569892472,0.7186338612905783,203.99598271705383,137.2001084728126,37.18638389153766,1.3374897363787088,0.23681031378553524,0.11174124729089399,0.10274604426126978,0.10486169539501139,0.2446289023240598,0.06255665967365671,0.053455583863101785,0.05820825146139519,0.023670420424543485,0.19789091542269716,0.8007882030567701,24.712016818811826,142.7957141435046,166.21421149743347,4.093241513053707,3155.0429497704044,7.772233049845034e-05,6.834940214504279,46.7164077358478,410.0,4.131873711725403,1.0
-40.440675192982305,7.391095038303546,0.22238514173998045,0.390006918962063,219.34491010821074,135.55532459703412,38.67383924719916,0.9713689728686457,0.16549910196283274,0.1086415680292527,0.10213216284188409,0.10966985117461746,0.27075117618953026,0.08651637592793215,0.07192579113188226,0.051455549086733554,0.031869666689025834,0.24176738283557378,0.7566938601981172,31.95048824262362,156.18281234445814,174.3480572190513,4.50873517015025,3446.5303120356957,-0.00015298654598116385,7.3910950367202295,54.628285841830404,426.0,4.578183481288786,1.0
-75.36074353219244,8.39710987926017,0.21652003910068426,0.4165282939650053,212.20670382301162,134.13834699863693,65.44803564910627,1.145043260958225,0.21166469293036166,0.13018681734866017,0.05784183287546308,0.10261450664426636,0.27369660063531237,0.12072030679068882,0.051993860728105204,0.029020336968379502,0.021301019035569902,0.22303552352274345,0.7760044504340635,28.741526340177504,114.53406238593598,162.44008388900136,4.810407536584155,3523.0670184680694,-2.6487697074584204e-05,8.397109879218394,70.51145432366715,413.0,4.824693895830284,1.0
-64.28214130542644,7.543182124310179,0.218475073313783,0.33476007794750845,210.41667986466322,132.19889517458742,28.261651757568618,1.53418152289859,0.2601647853875138,0.1187604492246542,0.07102138468913177,0.0828478173918048,0.27105299389987314,0.11665529135853533,0.023477416836447575,0.031991452302160536,0.02319610694604371,0.19532026744318717,0.8038474305929777,24.29817649586333,110.07169631895147,157.23494101353285,4.576731511158446,3293.5270604417715,-9.34355583967969e-05,7.543182123731499,56.89959655178244,418.0,4.514527448395642,1.0
-31.977260355013033,6.972746567632123,0.21358748778103617,0.48625596681605704,205.59606187496138,133.2766869085899,25.286741046245606,1.191680584398366,0.18911619147711223,0.13311252551684608,0.0529066757577486,0.10165243725892432,0.2763937258585731,0.12999018471734067,0.027690622189644822,0.045929993456769166,0.041766754305221206,0.24537755466897587,0.7531815558692043,32.57880556906013,148.74553556615064,168.08820278281408,4.370755843465817,3319.0456314621015,-0.0001282370452115461,6.972746566452909,48.619194679980836,432.0,4.388295508650577,1.0
